"Updates","params_6","params_10","params_3","params_9","params_7","params_1","params_4","params_8","params_2","params_5"
"10.0","0.4","0.8","1.0","0.8","0.6","0.6","0.4","0.2","0.8","0.4"
"20.0","0.2","0.4","0.0","0.6","0.2","0.4","0.6","0.6","0.0","0.4"
"30.0","0.0","0.6","0.8","0.6","0.2","0.6","0.2","0.2","0.0","0.2"
"40.0","0.0","0.4","0.2","0.4","0.8","0.8","0.2","0.0","0.0","0.2"
"50.0","0.2","0.0","0.0","0.2","0.2","0.4","0.8","0.2","0.0","0.2"
"60.0","0.0","0.2","0.0","0.4","0.0","0.8","0.0","0.0","0.0","0.2"
"70.0","0.2","0.2","0.0","0.0","1.2","0.2","0.2","0.0","0.2","0.4"
"80.0","0.2","0.8","0.0","0.2","0.2","0.6","0.0","0.0","0.2","0.6"
"90.0","0.0","0.0","0.0","0.2","0.2","0.0","0.0","0.0","0.6","0.4"
"100.0","0.2","0.4","0.0","0.0","0.0","0.0","0.0","0.0","0.4","0.0"
"110.0","0.2","0.0","0.0","0.2","0.4","0.4","0.0","0.0","0.2","0.4"
"120.0","0.2","0.2","0.0","0.2","0.4","0.6","0.0","0.0","0.2","0.6"
"130.0","0.0","0.0","0.0","0.0","0.2","0.6","0.8","0.2","0.0","0.4"
"140.0","0.2","0.0","0.2","0.0","0.2","0.4","0.4","0.2","0.4","0.2"
"150.0","0.4","0.2","0.2","0.2","0.2","0.4","0.2","0.2","0.0","0.8"
"160.0","0.6","0.2","0.0","0.0","0.0","0.4","0.6","0.0","0.2","0.2"
"170.0","0.0","0.0","0.2","0.0","0.0","0.2","0.2","0.0","0.2","1.2"
"180.0","0.2","0.0","0.0","0.0","0.0","0.2","1.0","0.0","0.0","0.6"
"190.0","0.2","0.6","0.0","0.4","0.4","0.4","0.8","0.0","0.0","0.8"
"200.0","0.0","0.2","0.0","0.0","0.4","0.0","0.2","0.4","0.0","0.0"
"210.0","0.0","0.0","0.0","0.0","0.0","0.2","0.4","0.0","0.2","0.2"
"220.0","0.2","0.0","0.0","0.0","0.2","0.0","0.8","0.0","0.2","0.0"
"230.0","0.2","0.0","0.0","0.2","0.0","0.6","0.2","0.0","0.2","0.0"
"240.0","0.0","0.2","0.0","0.0","0.0","0.4","0.8","0.0","0.0","0.0"
"250.0","0.2","0.0","0.0","0.0","0.0","0.4","0.0","0.0","0.2","0.2"
"260.0","0.0","0.0","0.0","0.0","0.0","0.8","0.4","0.2","0.4","0.2"
"270.0","0.0","0.0","0.0","0.0","0.2","0.0","1.4","0.0","0.4","0.6"
"280.0","0.0","0.0","0.0","0.0","0.0","0.2","0.6","0.0","0.2","0.0"
"290.0","0.2","0.0","0.0","0.2","0.0","0.8","0.8","0.2","0.0","0.2"
"300.0","0.0","0.2","0.0","0.0","0.0","0.6","0.2","0.0","0.2","0.0"
"310.0","0.0","0.0","0.0","0.0","0.2","0.6","0.2","0.4","0.2","0.0"
"320.0","0.0","0.2","0.0","0.0","0.0","1.0","0.2","0.0","0.4","0.0"
"330.0","0.0","0.0","0.0","0.2","0.0","0.2","0.0","0.0","0.2","0.0"
"340.0","0.2","0.0","0.0","0.2","0.2","0.4","0.0","0.0","0.4","0.0"
"350.0","0.0","0.0","0.0","0.0","0.0","0.4","0.0","0.0","0.2","0.0"
"360.0","0.0","0.0","0.0","0.0","0.0","0.4","0.0","0.2","0.2","0.0"
"370.0","0.2","0.0","0.0","0.0","0.2","0.4","0.0","0.2","0.4","0.2"
"380.0","0.6","0.0","0.0","0.0","0.2","0.4","0.2","0.0","0.2","0.0"
"390.0","0.4","0.0","0.0","0.0","0.4","0.0","0.0","0.0","0.2","0.2"
"400.0","2.0","0.4","0.0","0.0","0.6","0.0","0.0","0.0","0.2","0.0"
"410.0","1.2","0.0","0.0","0.0","0.4","0.0","0.4","0.0","0.4","0.0"
"420.0","1.6","0.0","0.0","0.0","0.6","0.0","0.0","0.0","0.8","0.0"
"430.0","2.2","0.0","0.0","0.0","0.4","0.4","0.0","0.0","0.2","0.4"
"440.0","2.2","0.0","0.0","0.0","0.4","0.6","0.4","0.0","0.6","0.2"
"450.0","2.4","0.0","0.0","0.0","0.2","0.4","0.0","0.0","0.0","0.2"
"460.0","2.0","0.0","0.0","0.0","0.0","0.4","0.0","0.0","0.2","0.2"
"470.0","1.6","0.0","0.0","0.0","0.0","1.6","0.0","0.0","0.2","0.4"
"480.0","3.4","0.0","0.0","0.0","0.2","2.0","0.6","0.0","0.0","0.2"
"490.0","1.8","0.0","0.0","0.0","0.2","1.4","0.2","0.0","0.2","0.4"
"500.0","2.8","0.2","0.0","0.0","0.2","2.2","0.0","0.0","0.0","0.4"
"510.0","2.6","0.0","0.0","0.0","0.0","2.0","0.0","0.0","0.2","0.2"
"520.0","4.0","0.0","0.0","0.0","0.0","1.6","0.0","0.0","0.0","0.4"
"530.0","2.4","0.0","0.0","0.0","0.0","0.8","0.2","0.0","0.2","0.0"
"540.0","3.6","0.0","0.0","0.0","0.0","0.2","0.6","0.0","0.0","0.4"
"550.0","1.6","0.0","0.0","0.0","0.0","0.8","0.0","0.0","0.0","0.2"
"560.0","2.2","0.0","0.0","0.2","0.0","2.2","0.4","0.0","0.2","0.2"
"570.0","2.8","0.0","0.0","0.0","0.0","2.8","0.0","0.0","0.4","0.0"
"580.0","3.0","0.2","0.0","0.0","0.0","2.0","0.0","0.0","0.0","0.0"
"590.0","3.2","0.0","0.0","0.0","0.0","2.6","0.0","0.0","0.0","0.0"
"600.0","2.4","0.0","0.0","0.0","0.0","3.2","0.2","0.0","0.0","0.0"
"610.0","2.8","0.0","0.0","0.0","0.0","3.6","0.0","0.0","0.2","0.0"
"620.0","1.6","0.0","0.0","0.0","0.0","3.2","0.0","0.0","0.0","0.0"
"630.0","2.4","0.0","0.0","0.0","0.0","4.2","0.0","0.0","0.2","0.0"
"640.0","3.2","0.0","0.0","0.2","0.0","5.2","0.0","0.0","0.0","0.2"
"650.0","3.4","0.0","0.0","0.0","0.2","5.8","0.2","0.0","0.2","0.0"
"660.0","3.8","0.0","0.0","0.0","0.2","7.8","0.0","0.0","0.0","0.2"
"670.0","4.0","0.0","0.0","0.0","0.0","4.8","0.6","0.0","0.0","0.2"
"680.0","3.2","0.0","0.0","0.0","0.2","6.8","0.0","0.0","0.2","0.0"
"690.0","4.6","0.0","0.0","0.0","0.4","7.2","0.2","0.0","0.2","0.0"
"700.0","3.6","0.4","0.0","0.0","0.2","2.8","0.2","0.0","0.2","0.0"
"710.0","2.6","0.0","0.0","0.2","0.0","5.4","0.4","0.0","0.0","0.0"
"720.0","4.4","0.4","0.0","0.0","0.0","5.6","0.2","0.0","0.4","0.4"
"730.0","5.0","0.0","0.0","0.0","0.0","5.2","0.8","0.0","0.4","0.0"
"740.0","4.6","0.2","0.0","0.0","0.2","6.8","0.4","0.0","0.2","0.4"
"750.0","4.4","0.0","0.0","0.0","0.2","6.2","0.0","0.0","0.0","0.0"
"760.0","3.4","0.0","0.0","0.0","0.0","9.8","0.2","0.0","0.0","0.4"
"770.0","3.4","0.0","0.0","0.0","0.0","9.6","0.0","0.0","0.2","0.0"
"780.0","3.0","0.0","0.0","0.0","0.0","10.0","0.4","0.0","0.0","0.0"
"790.0","3.8","0.0","0.0","0.0","0.0","7.2","0.2","0.0","0.2","0.0"
"800.0","3.6","0.0","0.0","0.0","0.0","11.6","0.2","0.4","0.0","0.0"
"810.0","3.2","0.0","0.0","0.0","0.0","8.2","0.0","0.4","0.0","0.0"
"820.0","3.6","0.0","0.0","0.0","0.0","11.0","0.0","0.0","0.2","0.0"
"830.0","3.8","0.0","0.0","0.0","0.0","10.8","0.2","0.2","0.0","0.0"
"840.0","5.4","0.0","0.0","0.0","0.0","12.0","0.0","0.0","0.0","0.0"
"850.0","4.0","0.0","0.0","0.0","0.0","9.0","0.0","0.2","0.0","0.0"
"860.0","4.4","0.0","0.0","0.0","0.0","8.6","0.0","0.2","0.4","0.2"
"870.0","5.4","0.0","0.0","0.0","0.2","10.6","0.0","0.0","0.0","0.0"
"880.0","4.4","0.8","0.0","0.0","0.0","11.6","0.0","0.0","0.0","0.0"
"890.0","4.0","0.2","0.0","0.0","0.0","10.6","0.2","0.0","0.4","0.0"
"900.0","5.2","0.2","0.0","0.0","0.0","14.2","0.4","0.0","1.0","0.0"
"910.0","3.6","0.0","0.0","0.0","0.0","11.2","0.0","0.0","0.4","0.0"
"920.0","3.4","0.0","0.0","0.0","0.2","10.8","0.4","0.0","0.2","0.0"
"930.0","3.4","0.2","0.0","0.0","0.0","10.6","0.2","0.0","0.6","0.0"
"940.0","3.2","0.4","0.0","0.0","0.2","10.0","0.2","0.0","1.0","0.0"
"950.0","3.0","0.2","0.0","0.0","0.0","10.2","0.2","0.0","0.6","0.0"
"960.0","3.0","0.0","0.0","0.0","0.0","8.6","0.0","0.2","0.8","0.0"
"970.0","3.6","0.0","0.0","0.0","0.0","10.4","0.2","0.0","0.6","0.2"
"980.0","3.6","0.0","0.0","0.0","0.6","9.6","0.2","0.0","0.0","0.0"
"990.0","3.0","0.2","0.0","0.0","0.4","9.4","0.0","0.2","0.6","0.0"
"1000.0","3.4","0.0","0.0","0.0","0.0","10.6","0.2","0.0","0.4","0.0"
"1010.0","2.0","0.0","0.0","0.0","0.0","9.4","0.2","0.0","0.0","0.0"
"1020.0","3.6","0.2","0.0","0.0","0.2","9.0","0.2","0.2","0.2","0.0"
"1030.0","2.2","0.2","0.0","0.0","0.0","7.4","0.0","0.0","0.4","0.0"
"1040.0","3.0","0.0","0.0","0.0","0.2","8.6","0.0","0.2","0.2","0.2"
"1050.0","3.0","0.0","0.0","0.2","0.0","11.8","0.0","0.0","0.4","0.0"
"1060.0","2.6","0.0","0.0","0.0","0.0","12.4","0.0","0.2","0.8","0.0"
"1070.0","2.2","0.0","0.0","0.0","0.0","10.0","0.0","0.0","0.6","0.2"
"1080.0","4.0","0.0","0.0","0.0","0.0","13.0","0.2","0.0","0.8","0.0"
"1090.0","4.2","0.4","0.0","0.0","0.0","11.0","0.6","0.0","1.0","0.0"
"1100.0","2.8","0.0","0.0","0.0","0.0","10.6","0.2","0.2","0.4","0.0"
"1110.0","4.6","0.0","0.0","0.0","0.0","8.8","0.2","0.0","0.8","0.0"
"1120.0","2.0","0.0","0.0","0.0","0.0","10.4","0.4","0.0","0.8","0.0"
"1130.0","3.0","0.0","0.0","0.0","0.0","12.0","0.2","0.2","0.0","0.0"
"1140.0","4.2","0.0","0.0","0.0","0.0","10.2","0.0","0.0","0.8","0.0"
"1150.0","3.8","0.0","0.0","0.2","0.0","10.6","0.0","0.0","0.2","0.0"
"1160.0","5.2","0.2","0.0","0.0","0.0","11.0","0.0","0.0","0.6","0.0"
"1170.0","3.4","0.2","0.0","0.0","0.0","11.8","0.6","0.0","0.4","0.0"
"1180.0","3.2","0.0","0.0","0.0","0.0","10.8","0.2","0.0","0.6","0.0"
"1190.0","3.8","0.0","0.0","0.0","0.0","12.2","0.0","0.0","0.2","0.0"
"1200.0","3.0","0.0","0.0","0.2","0.0","10.4","0.0","0.0","0.2","0.0"
"1210.0","1.6","0.0","0.0","0.0","0.0","13.4","0.2","0.4","0.6","0.0"
"1220.0","3.4","0.0","0.0","0.0","0.0","10.4","0.0","0.0","1.0","0.0"
"1230.0","2.0","0.2","0.0","0.0","0.0","10.6","0.4","0.0","0.4","0.0"
"1240.0","1.0","0.0","0.0","0.0","0.0","10.6","0.0","0.0","0.2","0.0"
"1250.0","3.6","0.0","0.0","0.0","0.0","9.6","0.4","0.0","0.4","0.0"
"1260.0","4.2","0.2","0.0","0.2","0.0","11.6","0.0","0.0","0.2","0.0"
"1270.0","2.4","0.0","0.0","0.0","0.2","10.8","0.0","0.0","0.4","0.0"
"1280.0","2.8","0.0","0.0","0.0","0.0","10.8","0.0","0.2","1.0","0.6"
"1290.0","2.4","0.4","0.0","0.4","0.0","8.4","0.0","0.0","0.0","0.2"
"1300.0","3.2","0.4","0.0","0.2","0.0","8.8","0.2","0.0","0.4","0.0"
"1310.0","3.8","0.0","0.0","0.0","0.0","10.8","0.0","0.0","0.6","0.0"
"1320.0","3.0","0.0","0.0","0.2","0.0","11.0","0.0","0.0","1.0","0.0"
"1330.0","3.8","0.0","0.0","0.0","0.2","8.6","0.0","0.0","0.2","0.0"
"1340.0","3.2","0.2","0.2","0.2","0.0","8.2","0.2","0.0","0.4","0.0"
"1350.0","1.4","0.0","0.0","0.2","0.4","11.0","0.0","0.0","0.4","0.0"
"1360.0","2.0","0.0","0.0","0.0","0.2","7.4","0.2","0.0","0.4","0.0"
"1370.0","2.6","0.2","0.0","0.2","0.0","10.6","0.0","0.0","0.4","0.0"
"1380.0","2.6","0.0","0.0","0.0","0.0","7.4","0.6","0.0","0.4","0.0"
"1390.0","2.0","0.0","0.0","0.2","0.0","8.2","0.2","0.0","0.0","0.2"
"1400.0","3.4","0.0","0.0","0.0","0.6","9.4","1.0","0.0","0.0","0.0"
"1410.0","4.2","0.0","0.0","0.0","0.0","10.6","0.0","0.2","0.0","0.2"
"1420.0","2.0","0.0","0.0","0.4","0.0","11.2","0.4","0.0","0.2","1.4"
"1430.0","2.0","0.0","0.0","0.0","0.0","12.0","0.0","0.0","0.4","0.8"
"1440.0","2.8","0.0","0.0","0.0","0.0","11.2","0.0","0.2","0.0","1.8"
"1450.0","3.8","0.2","0.0","0.2","0.2","12.0","0.0","0.0","0.2","0.8"
"1460.0","2.8","0.2","0.0","0.0","0.0","12.6","0.4","0.0","0.0","1.8"
"1470.0","4.8","0.0","0.0","0.0","0.4","11.0","0.2","0.0","0.6","2.0"
"1480.0","3.6","0.0","0.0","0.0","0.0","12.6","0.0","0.0","0.2","1.0"
"1490.0","4.2","0.0","0.0","0.0","0.4","10.6","0.2","0.0","0.2","2.8"
"1500.0","4.8","0.0","0.0","0.0","0.0","14.0","0.0","0.0","0.2","3.2"
"1510.0","5.0","0.0","0.0","0.0","0.8","11.4","0.6","0.0","0.6","3.8"
"1520.0","3.6","0.0","0.0","0.2","0.0","11.2","0.2","0.2","0.2","4.2"
"1530.0","5.0","0.0","0.0","0.2","0.0","8.8","0.0","0.0","0.2","3.4"
"1540.0","4.2","0.0","0.0","0.0","0.0","13.2","0.0","0.0","0.6","2.0"
"1550.0","4.0","0.2","0.0","0.2","0.0","8.2","0.2","0.0","0.6","2.0"
"1560.0","3.4","0.0","0.0","0.0","0.0","11.8","0.0","0.0","0.0","2.8"
"1570.0","5.0","0.0","0.0","0.2","0.0","8.6","0.2","0.0","0.2","4.8"
"1580.0","4.6","0.0","0.0","0.0","0.2","8.4","0.2","0.0","0.4","3.8"
"1590.0","6.0","0.0","0.0","0.0","0.0","9.4","0.4","0.0","0.0","4.0"
"1600.0","4.2","0.0","0.0","0.0","0.2","6.0","0.2","0.0","0.4","5.6"
"1610.0","3.0","0.0","0.0","0.2","0.4","8.0","0.0","0.0","0.2","3.8"
"1620.0","3.0","0.2","0.0","0.0","0.0","9.4","0.4","0.0","0.8","3.6"
"1630.0","3.4","0.0","0.0","0.0","0.2","8.8","0.2","0.0","0.6","3.6"
"1640.0","4.8","0.0","0.0","0.0","0.0","9.6","0.0","0.0","0.2","6.8"
"1650.0","4.2","0.0","0.0","0.0","0.0","7.6","0.0","0.0","0.2","4.4"
"1660.0","5.2","0.0","0.0","0.0","0.0","9.8","0.0","0.0","0.6","6.8"
"1670.0","4.4","0.0","0.0","0.0","0.0","9.2","0.8","0.0","0.4","6.4"
"1680.0","2.8","0.0","0.0","0.0","0.0","8.2","0.8","0.0","0.4","5.2"
"1690.0","5.6","0.2","0.0","0.0","0.0","10.8","0.6","0.0","0.8","7.6"
"1700.0","4.6","0.2","0.0","0.0","0.0","10.0","0.2","0.0","0.8","7.4"
"1710.0","7.0","0.0","0.0","0.2","0.2","9.8","0.4","0.0","0.0","6.2"
"1720.0","5.0","0.0","0.0","0.2","0.0","7.8","0.6","0.0","0.2","4.8"
"1730.0","5.6","0.0","0.4","0.2","0.0","6.8","0.0","0.0","0.4","6.4"
"1740.0","3.4","0.0","0.0","0.0","0.0","9.8","0.2","0.0","0.6","8.0"
"1750.0","5.4","0.0","0.0","0.0","0.0","7.4","0.0","0.0","0.8","6.8"
"1760.0","6.8","0.0","0.0","0.0","0.2","6.2","0.0","0.0","0.0","8.6"
"1770.0","4.8","0.0","0.0","0.0","0.2","7.6","0.2","0.0","0.4","8.6"
"1780.0","5.8","0.0","0.0","0.0","0.0","6.4","0.0","0.0","0.2","10.4"
"1790.0","5.2","0.0","0.0","0.0","0.0","8.8","0.0","0.0","0.0","12.0"
"1800.0","3.6","0.0","0.0","0.0","0.2","10.2","0.0","0.0","0.4","12.6"
"1810.0","6.2","0.4","0.0","0.0","0.2","8.8","0.0","0.0","0.6","11.0"
"1820.0","7.2","1.0","0.0","0.0","0.2","9.6","0.0","0.0","0.8","14.0"
"1830.0","6.2","1.0","0.0","0.0","0.0","11.4","0.0","0.0","0.2","14.4"
"1840.0","5.0","2.2","0.0","0.0","0.0","9.4","0.0","0.0","0.6","16.0"
"1850.0","5.2","1.8","0.0","0.0","0.0","9.6","0.2","0.0","0.2","15.2"
"1860.0","4.2","2.4","0.0","0.0","0.2","10.2","0.4","0.0","0.4","13.8"
"1870.0","5.8","3.2","0.0","0.0","0.2","9.6","0.0","0.0","0.0","17.0"
"1880.0","5.8","1.2","0.2","0.0","0.0","9.4","0.2","0.0","0.0","17.8"
"1890.0","5.6","2.8","0.0","0.0","0.0","8.0","0.0","0.0","0.8","20.2"
"1900.0","3.6","2.4","0.0","0.0","0.2","8.4","0.0","0.0","0.4","21.8"
"1910.0","6.8","3.0","0.0","0.0","0.2","11.0","0.2","0.0","0.6","21.4"
"1920.0","7.2","3.0","0.0","0.2","0.0","7.6","0.0","0.0","0.0","24.0"
"1930.0","6.4","4.0","0.0","0.2","0.0","9.8","0.0","0.0","0.0","16.4"
"1940.0","5.2","2.8","0.0","0.2","0.4","11.4","0.0","0.0","0.6","18.8"
"1950.0","3.8","2.0","0.0","0.0","0.2","9.8","0.0","0.0","0.4","22.0"
"1960.0","3.0","1.8","0.0","0.0","0.8","10.0","0.0","0.0","0.0","22.0"
"1970.0","4.6","2.6","0.2","0.0","0.2","12.6","0.0","0.0","0.2","23.4"
"1980.0","5.0","3.8","0.0","0.2","0.0","10.2","0.0","0.0","0.2","26.4"
"1990.0","3.2","2.8","0.4","0.0","0.2","10.6","0.0","0.0","0.0","27.2"
"2000.0","4.6","2.8","0.0","0.0","0.2","13.2","0.0","0.0","0.8","33.4"
"2010.0","5.8","3.4","0.0","0.0","0.0","12.0","0.0","0.0","0.6","31.8"
"2020.0","5.2","4.4","0.0","0.0","0.0","13.6","0.4","0.0","0.2","26.2"
"2030.0","6.8","3.6","0.0","0.0","0.6","9.6","0.2","0.0","0.4","27.6"
"2040.0","6.4","3.4","0.0","0.0","1.0","12.2","0.2","0.0","0.2","31.8"
"2050.0","6.8","3.6","0.0","0.2","0.4","10.6","0.0","0.0","0.0","28.4"
"2060.0","6.8","5.0","0.0","0.0","0.0","10.6","0.0","0.0","0.0","31.0"
"2070.0","6.4","3.8","0.2","0.0","0.2","11.6","0.0","0.0","0.4","31.6"
"2080.0","5.4","4.2","0.0","0.0","0.2","11.6","0.4","0.0","0.4","32.8"
"2090.0","6.0","3.2","0.0","0.0","0.4","11.6","0.2","0.0","0.4","31.4"
"2100.0","6.0","5.0","0.0","0.0","0.0","10.6","0.2","0.0","0.8","31.8"
"2110.0","6.0","3.6","0.0","0.2","0.0","13.8","0.0","0.0","0.6","29.0"
"2120.0","6.4","3.6","0.0","0.0","0.0","10.6","0.0","0.0","0.6","28.8"
"2130.0","7.8","4.6","0.4","0.2","0.0","10.8","0.6","0.0","0.6","27.6"
"2140.0","5.6","4.6","0.2","0.0","0.0","10.8","0.0","0.0","0.0","31.6"
"2150.0","5.0","3.2","0.0","0.2","0.0","12.8","0.4","0.0","0.2","29.2"
"2160.0","7.0","3.2","0.0","0.2","0.0","10.8","0.0","0.0","0.4","28.2"
"2170.0","7.2","3.4","0.0","0.0","0.0","11.6","0.0","0.0","0.0","29.8"
"2180.0","8.8","3.6","0.0","0.0","0.0","9.6","0.2","0.0","0.0","33.6"
"2190.0","5.6","5.4","0.0","0.0","0.0","11.8","0.2","0.0","1.0","28.8"
"2200.0","5.8","5.4","0.0","0.0","0.0","12.0","0.0","0.0","0.2","29.4"
"2210.0","7.4","4.2","0.0","0.0","0.0","13.0","0.0","0.0","0.0","29.8"
"2220.0","7.4","4.4","0.0","0.0","0.0","11.2","0.0","0.0","1.2","30.0"
"2230.0","9.0","4.0","0.0","0.0","0.0","11.6","0.6","0.0","0.0","31.8"
"2240.0","7.8","5.0","0.0","0.4","0.2","10.6","0.2","0.0","0.2","29.2"
"2250.0","8.8","3.0","0.0","0.2","0.0","10.0","0.0","0.0","0.6","30.6"
"2260.0","9.2","5.4","0.0","0.0","0.0","12.2","0.2","0.0","0.2","29.0"
"2270.0","9.4","4.8","0.0","0.0","0.0","9.8","0.0","0.0","0.0","29.0"
"2280.0","7.6","4.4","0.2","0.0","0.0","10.0","0.0","0.0","0.0","32.4"
"2290.0","8.4","5.8","0.0","0.0","0.0","10.8","0.0","0.0","0.8","31.2"
"2300.0","9.8","3.4","0.0","0.0","0.0","9.4","0.0","0.0","0.0","30.8"
"2310.0","8.6","4.2","0.0","0.0","0.2","9.0","0.2","0.0","0.6","29.4"
"2320.0","8.2","2.6","0.0","0.0","0.0","10.6","0.2","0.0","0.8","33.0"
"2330.0","9.4","5.0","0.2","0.0","0.0","11.6","0.0","0.0","0.2","32.8"
"2340.0","10.0","3.8","0.0","0.2","0.0","10.6","0.2","0.0","0.0","30.8"
"2350.0","11.6","3.4","0.2","0.0","0.0","11.4","0.0","0.0","0.0","31.8"
"2360.0","10.0","5.2","0.0","0.0","0.0","10.4","0.2","0.0","0.2","34.4"
"2370.0","12.2","4.4","0.2","0.0","0.0","10.4","0.0","0.0","0.4","29.0"
"2380.0","9.0","3.4","0.0","0.0","0.0","10.6","0.0","0.0","0.4","34.8"
"2390.0","10.2","3.4","0.0","0.0","0.0","8.8","0.0","0.0","0.4","34.0"
"2400.0","9.2","5.6","0.0","0.0","0.0","12.4","0.0","0.0","0.4","34.8"
"2410.0","9.2","5.0","0.0","0.2","0.2","12.0","0.2","0.0","0.6","33.2"
"2420.0","10.2","3.8","0.0","0.0","0.0","11.0","0.2","0.0","0.0","33.0"
"2430.0","13.6","3.4","0.0","0.0","0.0","10.4","0.0","0.0","0.0","31.4"
"2440.0","9.2","5.6","0.0","0.2","0.0","10.2","0.0","0.0","0.4","30.0"
"2450.0","9.2","3.8","0.0","0.0","0.0","13.2","0.0","0.0","0.2","32.8"
"2460.0","8.6","4.2","0.0","0.0","0.4","10.8","0.2","0.0","0.2","34.0"
"2470.0","12.0","6.0","0.0","0.2","0.2","14.8","0.0","0.0","0.4","33.6"
"2480.0","12.2","5.2","0.0","0.0","0.0","12.6","0.0","0.0","0.2","33.2"
"2490.0","11.4","6.0","0.0","0.0","0.0","8.4","0.2","0.0","0.0","35.2"
"2500.0","10.6","5.6","0.0","0.0","0.0","9.8","0.0","0.0","0.2","35.0"
"2510.0","11.0","5.0","0.0","0.0","0.0","9.8","0.2","0.0","0.2","36.0"
"2520.0","11.8","5.6","0.0","0.2","0.0","13.4","0.0","0.0","0.0","33.6"
"2530.0","11.6","4.2","0.0","0.0","0.0","11.2","0.0","0.0","0.0","30.8"
"2540.0","11.6","5.4","0.0","0.0","0.0","12.0","0.2","0.0","0.2","33.4"
"2550.0","10.8","4.4","0.0","0.0","0.2","11.2","0.2","0.0","0.2","33.0"
"2560.0","12.6","5.2","0.0","0.0","0.0","12.2","0.0","0.0","0.0","30.2"
"2570.0","13.6","3.8","0.0","0.0","0.0","12.6","0.0","0.0","0.2","36.2"
"2580.0","13.0","4.6","0.0","0.0","0.2","11.4","0.0","0.0","0.0","36.8"
"2590.0","11.2","3.8","0.0","0.0","0.0","12.4","0.0","0.0","0.0","34.0"
"2600.0","13.6","4.6","0.0","0.0","0.2","10.0","0.0","0.0","0.0","34.0"
"2610.0","13.2","4.4","0.0","0.0","0.0","9.6","0.2","0.0","0.0","36.0"
"2620.0","14.4","5.4","0.0","0.0","0.0","12.0","0.2","0.0","0.0","33.8"
"2630.0","13.2","3.8","0.0","0.0","0.4","9.0","0.0","0.0","0.2","34.2"
"2640.0","14.2","4.2","0.0","0.2","0.0","11.4","0.0","0.0","0.0","35.8"
"2650.0","14.6","4.0","0.0","0.0","0.0","11.0","0.0","0.0","0.0","34.0"
"2660.0","13.8","4.0","0.0","0.0","0.0","12.2","0.0","0.0","0.0","34.0"
"2670.0","13.8","5.6","0.0","0.0","0.0","12.6","0.2","0.0","0.4","33.2"
"2680.0","15.4","4.4","0.0","0.0","0.2","9.4","0.0","0.0","0.6","32.8"
"2690.0","15.8","6.0","0.0","0.0","0.0","10.8","0.2","0.0","0.0","31.6"
"2700.0","18.4","5.4","0.0","0.2","0.0","13.2","0.0","0.0","0.4","34.8"
"2710.0","17.4","5.6","0.0","0.0","0.4","15.0","0.0","0.0","0.2","36.0"
"2720.0","13.8","3.8","0.0","0.0","0.0","12.4","0.0","0.0","0.8","32.8"
"2730.0","15.6","5.0","0.0","0.0","0.0","12.2","0.2","0.0","0.0","34.2"
"2740.0","19.4","5.8","0.0","0.0","0.0","8.4","0.0","0.0","0.0","34.2"
"2750.0","18.8","3.4","0.0","0.0","0.4","11.0","0.2","0.0","0.0","35.2"
"2760.0","16.0","5.0","0.0","0.0","0.2","10.8","0.0","0.0","0.0","35.4"
"2770.0","18.4","3.8","0.0","0.0","0.2","10.8","0.0","0.0","0.0","35.0"
"2780.0","14.8","3.4","0.0","0.0","0.0","12.2","0.2","0.0","0.0","36.8"
"2790.0","15.6","4.4","0.0","0.0","0.4","12.2","0.0","0.0","0.0","33.0"
"2800.0","19.0","5.8","0.0","0.0","0.0","13.6","0.0","0.0","0.0","38.0"
"2810.0","17.4","4.6","0.0","0.0","0.2","11.4","0.0","0.0","0.0","38.0"
"2820.0","14.6","3.6","0.0","0.0","0.2","10.4","0.0","0.0","0.0","35.8"
"2830.0","15.0","5.2","0.0","0.0","0.0","12.2","0.0","0.0","0.0","33.2"
"2840.0","15.2","6.4","0.0","0.0","0.0","10.2","0.2","0.0","0.0","35.8"
"2850.0","18.8","5.0","0.0","0.2","0.0","12.8","0.0","0.2","0.0","36.2"
"2860.0","17.0","3.6","0.0","0.0","0.0","12.2","0.2","0.0","0.0","37.6"
"2870.0","19.4","5.6","0.0","0.0","0.2","12.8","0.0","0.0","0.2","39.2"
"2880.0","21.0","6.6","0.0","0.0","0.0","15.0","0.0","0.0","0.0","38.4"
"2890.0","20.2","4.4","0.0","0.0","0.0","15.2","0.0","0.0","0.0","39.4"
"2900.0","18.0","5.0","0.0","0.0","0.0","12.2","0.0","0.0","0.0","38.0"
"2910.0","20.0","6.0","0.0","0.0","0.2","11.2","0.0","0.0","0.0","40.2"
"2920.0","21.8","4.6","0.0","0.0","0.0","13.0","0.0","0.0","0.0","35.6"
"2930.0","22.0","4.2","0.0","0.0","0.0","15.2","0.0","0.0","0.0","40.4"
"2940.0","21.0","5.6","0.0","0.0","0.0","9.6","0.2","0.0","0.0","37.8"
"2950.0","18.6","5.4","0.0","0.0","0.0","11.8","0.0","0.0","0.0","36.2"
"2960.0","20.0","6.6","0.0","0.2","0.2","14.2","0.0","0.0","0.0","36.8"
"2970.0","20.0","5.2","0.0","0.0","0.0","12.2","0.2","0.0","0.2","37.8"
"2980.0","20.0","6.8","0.2","0.0","0.0","11.4","0.0","0.0","0.0","36.6"
"2990.0","21.2","6.6","0.0","0.0","0.2","10.2","0.0","0.0","0.0","34.4"
"3000.0","17.2","6.6","0.0","0.2","0.0","12.6","0.2","0.0","0.0","38.2"
"3010.0","17.4","3.2","0.0","0.0","0.0","10.6","0.0","0.0","0.2","41.0"
"3020.0","21.2","3.6","0.2","0.0","0.0","12.0","0.0","0.0","0.0","40.2"
"3030.0","20.0","4.6","0.2","0.0","0.0","12.8","0.0","0.0","0.0","39.6"
"3040.0","20.2","4.4","0.2","0.0","0.0","13.6","0.2","0.0","0.4","38.2"
"3050.0","20.0","5.0","0.0","0.0","0.2","13.8","0.4","0.0","0.0","37.0"
"3060.0","17.8","4.0","0.0","0.0","0.0","13.2","0.2","0.0","0.0","39.8"
"3070.0","17.6","4.0","0.0","0.0","0.0","8.4","0.2","0.0","0.4","38.0"
"3080.0","19.2","4.8","0.0","0.0","0.0","13.2","0.0","0.0","0.4","38.2"
"3090.0","20.0","6.6","0.0","0.0","0.0","12.4","0.0","0.0","0.0","39.4"
"3100.0","20.6","6.2","0.2","0.0","0.0","12.2","0.2","0.0","0.0","40.0"
"3110.0","17.0","6.8","0.0","0.0","0.0","14.4","0.0","0.0","0.2","37.2"
"3120.0","19.0","7.0","0.0","0.0","0.0","10.6","0.0","0.0","0.4","43.4"
"3130.0","17.8","4.6","0.0","0.2","0.0","12.2","0.2","0.0","0.2","40.8"
"3140.0","21.0","5.6","0.2","0.0","0.0","14.6","0.0","0.0","0.0","39.6"
"3150.0","15.6","7.4","0.0","0.0","0.6","13.6","0.0","0.0","0.0","35.6"
"3160.0","20.2","5.6","0.2","0.0","0.0","12.8","0.2","0.0","0.0","38.6"
"3170.0","22.2","6.8","0.0","0.0","0.0","13.8","0.0","0.0","0.0","36.6"
"3180.0","18.4","3.8","0.0","0.0","0.0","12.4","0.2","0.0","0.0","41.0"
"3190.0","19.6","4.2","0.0","0.0","0.0","11.4","0.0","0.0","0.0","39.8"
"3200.0","21.6","5.2","0.0","0.0","0.0","10.8","0.0","0.0","0.0","40.6"
"3210.0","20.2","6.6","0.0","0.0","0.4","13.6","0.0","0.0","0.2","34.4"
"3220.0","18.2","5.0","0.2","0.0","0.2","14.0","0.0","0.0","0.0","39.4"
"3230.0","24.4","4.0","0.0","0.0","0.0","13.6","0.0","0.0","0.2","37.0"
"3240.0","21.8","5.2","0.0","0.0","0.4","13.8","0.2","0.0","0.0","38.0"
"3250.0","24.8","3.8","0.0","0.0","0.0","13.0","0.0","0.0","0.6","41.2"
"3260.0","25.0","4.8","0.0","0.0","0.0","14.4","0.2","0.0","0.0","36.4"
"3270.0","24.2","5.6","0.2","0.0","0.0","11.8","0.2","0.0","0.2","34.2"
"3280.0","24.0","5.6","0.0","0.2","0.2","15.4","0.0","0.0","0.2","38.8"
"3290.0","22.8","4.0","0.0","0.4","0.0","13.6","0.0","0.0","0.4","35.0"
"3300.0","24.6","4.8","0.0","0.0","0.0","14.0","0.0","0.0","0.4","39.8"
"3310.0","24.6","4.6","0.0","0.0","0.0","15.4","0.0","0.0","0.0","38.8"
"3320.0","25.0","3.6","0.0","0.0","0.4","17.4","0.0","0.0","1.0","38.0"
"3330.0","25.0","4.8","0.0","0.0","0.2","14.0","0.2","0.0","0.0","39.8"
"3340.0","25.0","3.8","0.0","0.2","0.2","15.8","0.0","0.0","0.0","39.2"
"3350.0","22.4","4.0","0.0","0.0","0.2","15.8","0.0","0.0","0.0","37.2"
"3360.0","22.0","5.2","0.0","0.0","0.0","16.2","0.0","0.0","0.0","40.8"
"3370.0","17.2","4.4","0.0","0.2","0.0","16.0","0.4","0.0","0.0","36.2"
"3380.0","17.6","5.8","0.0","0.0","0.4","16.0","0.2","0.0","0.0","39.0"
"3390.0","18.8","5.6","0.0","0.0","0.0","16.0","0.0","0.0","0.0","38.8"
"3400.0","20.2","7.0","0.2","0.0","0.0","16.0","0.0","0.0","0.0","39.6"
"3410.0","19.4","3.6","0.0","0.0","0.0","18.8","0.2","0.0","0.0","42.2"
"3420.0","20.8","3.6","0.2","0.0","0.0","17.8","0.0","0.0","0.0","39.0"
"3430.0","24.2","6.6","0.0","0.0","0.0","19.0","0.2","0.0","0.0","40.2"
"3440.0","23.4","7.0","0.0","0.0","0.0","18.8","0.0","0.0","0.0","38.4"
"3450.0","24.2","2.8","0.0","0.0","0.0","23.2","0.2","0.0","0.2","36.2"
"3460.0","26.2","4.8","0.2","0.0","0.0","20.8","0.0","0.0","0.0","38.4"
"3470.0","22.0","7.0","0.0","0.0","0.0","20.6","0.0","0.0","0.2","37.6"
"3480.0","25.6","5.6","0.0","0.0","0.2","21.0","0.0","0.0","0.2","36.4"
"3490.0","25.4","4.2","0.0","0.0","0.0","20.0","0.2","0.0","0.0","40.4"
"3500.0","20.8","4.6","0.0","0.0","0.0","23.2","0.0","0.0","0.0","36.8"
"3510.0","26.0","4.8","0.0","0.0","0.0","20.6","0.0","0.0","0.0","38.2"
"3520.0","22.4","5.8","0.0","0.0","0.2","21.8","0.4","0.0","0.6","38.2"
"3530.0","21.6","5.6","0.0","0.0","0.0","21.4","0.0","0.0","0.0","38.0"
"3540.0","24.8","4.6","0.0","0.0","0.2","22.6","0.0","0.0","0.4","35.0"
"3550.0","21.8","5.2","0.2","0.0","0.2","19.4","0.0","0.0","0.0","36.8"
"3560.0","21.8","6.4","0.0","0.0","0.0","24.0","0.0","0.0","0.2","39.2"
"3570.0","22.4","6.8","0.0","0.0","0.0","22.2","0.0","0.0","0.2","37.0"
"3580.0","18.2","2.2","0.0","0.0","0.2","23.2","0.0","0.0","0.0","37.2"
"3590.0","20.8","5.8","0.2","0.2","0.2","24.0","0.2","0.0","0.2","40.2"
"3600.0","24.0","3.8","0.0","0.0","0.2","26.2","0.0","0.0","0.0","40.4"
"3610.0","22.0","4.8","0.0","0.0","0.0","22.4","0.0","0.0","0.4","38.2"
"3620.0","24.6","6.8","0.4","0.0","0.2","23.0","0.0","0.0","0.0","40.4"
"3630.0","23.6","4.6","0.0","0.0","0.0","19.6","0.2","0.0","0.4","36.4"
"3640.0","23.4","5.0","0.0","0.0","0.0","19.6","0.0","0.0","0.4","35.2"
"3650.0","23.2","6.6","0.0","0.0","0.0","24.2","0.0","0.0","0.4","36.6"
"3660.0","20.8","6.2","0.0","0.0","0.0","24.6","0.0","0.0","0.2","39.2"
"3670.0","25.4","7.2","0.0","0.0","0.0","24.6","0.0","0.0","0.2","38.6"
"3680.0","22.0","7.0","0.0","0.0","0.0","23.4","0.6","0.0","0.2","39.6"
"3690.0","23.0","4.8","0.0","0.0","0.2","25.8","0.0","0.0","0.0","40.4"
"3700.0","25.8","6.8","0.4","0.0","0.2","26.6","0.4","0.0","0.6","37.8"
"3710.0","22.2","7.6","0.0","0.0","0.2","26.4","0.0","0.0","0.6","38.8"
"3720.0","21.4","7.0","0.0","0.0","0.0","26.2","0.0","0.0","0.6","34.4"
"3730.0","23.6","5.6","0.0","0.0","0.0","24.6","0.0","0.0","0.2","34.2"
"3740.0","19.2","7.2","0.0","0.0","0.2","25.4","0.0","0.0","0.4","38.6"
"3750.0","19.8","6.0","0.0","0.0","0.0","25.0","0.0","0.0","0.4","40.4"
"3760.0","20.4","5.0","0.0","0.2","0.0","29.6","0.2","0.0","0.0","39.8"
"3770.0","14.4","6.4","0.0","0.0","0.0","27.6","0.0","0.0","0.0","42.6"
"3780.0","23.4","7.4","0.0","0.0","0.0","30.2","0.0","0.0","0.0","42.0"
"3790.0","23.2","5.8","0.0","0.0","0.0","30.2","0.0","0.0","0.0","43.4"
"3800.0","22.6","6.6","0.2","0.0","0.0","30.6","0.0","0.0","0.2","38.8"
"3810.0","23.2","6.6","0.0","0.0","0.0","28.0","0.0","0.0","0.0","38.6"
"3820.0","24.4","6.2","0.0","0.0","0.2","29.6","0.2","0.0","0.2","41.0"
"3830.0","21.6","5.6","0.0","0.0","0.0","29.0","0.2","0.0","0.0","35.6"
"3840.0","24.8","8.4","0.0","0.2","0.0","31.6","0.0","0.0","0.2","34.8"
"3850.0","24.2","7.6","0.2","0.0","0.0","28.8","0.6","0.0","0.0","36.0"
"3860.0","22.4","6.2","0.0","0.0","0.0","28.8","0.0","0.0","0.0","34.4"
"3870.0","25.0","6.2","0.0","0.0","0.2","26.8","0.0","0.0","0.0","34.0"
"3880.0","24.4","6.8","0.2","0.0","0.2","26.2","0.0","0.0","0.0","37.6"
"3890.0","23.8","7.6","0.0","0.0","0.2","33.0","0.0","0.0","0.0","38.4"
"3900.0","28.4","8.0","0.2","0.0","0.2","29.8","0.4","0.0","0.2","39.8"
"3910.0","26.2","8.8","0.0","0.0","0.0","30.2","0.2","0.0","0.2","37.2"
"3920.0","26.4","8.4","0.0","0.0","0.0","31.0","0.0","0.0","0.0","39.4"
"3930.0","23.0","6.6","0.0","0.0","0.4","32.0","0.0","0.0","0.0","42.2"
"3940.0","24.8","8.6","0.0","0.0","0.4","24.4","0.0","0.0","0.0","37.2"
"3950.0","26.6","11.0","0.0","0.0","0.2","33.2","0.0","0.0","0.2","38.0"
"3960.0","24.0","7.4","0.0","0.0","0.2","30.2","0.0","0.0","0.4","38.0"
"3970.0","25.2","9.6","0.0","0.0","0.0","34.2","0.2","0.0","0.0","44.4"
"3980.0","24.6","10.4","0.0","0.0","0.4","29.0","0.4","0.0","0.2","42.0"
"3990.0","23.6","9.6","0.0","0.0","0.0","32.2","0.0","0.0","0.0","40.6"
"4000.0","22.4","8.2","0.0","0.0","0.0","32.6","0.2","0.0","0.0","41.0"
"4010.0","24.0","10.4","0.2","0.0","0.0","34.6","0.2","0.0","0.0","39.4"
"4020.0","28.8","9.4","0.0","0.0","0.0","32.2","0.2","0.0","0.2","41.8"
"4030.0","24.6","9.8","0.0","0.0","0.4","32.0","0.0","0.0","0.2","43.8"
"4040.0","27.0","8.4","0.0","0.0","0.0","32.6","0.0","0.0","0.4","44.0"
"4050.0","24.4","11.4","0.0","0.0","0.0","31.4","0.0","0.0","0.0","42.4"
"4060.0","21.8","9.2","0.0","0.0","0.0","31.4","0.2","0.0","0.0","41.8"
"4070.0","23.0","9.2","0.0","0.0","0.0","35.2","0.2","0.0","0.2","41.4"
"4080.0","22.8","7.2","0.0","0.0","0.0","31.0","0.0","0.0","0.2","38.6"
"4090.0","23.6","9.0","0.2","0.0","0.0","32.8","0.2","0.0","0.0","40.8"
"4100.0","23.0","10.0","0.0","0.0","0.0","32.8","0.0","0.0","0.2","43.8"
"4110.0","23.4","7.6","0.0","0.0","0.2","32.8","0.2","0.0","0.0","42.2"
"4120.0","23.8","8.4","0.0","0.0","0.0","30.8","0.2","0.0","0.0","44.2"
"4130.0","21.2","10.0","0.0","0.0","0.0","31.6","0.0","0.0","0.0","47.6"
"4140.0","24.4","10.8","0.0","0.0","0.0","37.6","0.2","0.0","0.0","44.4"
"4150.0","20.8","9.0","0.0","0.0","0.0","34.8","0.2","0.0","0.0","43.2"
"4160.0","20.6","8.2","0.0","0.0","0.2","35.0","0.2","0.0","0.0","42.2"
"4170.0","25.0","10.8","0.0","0.0","0.0","35.2","0.0","0.0","0.2","45.0"
"4180.0","21.8","9.2","0.0","0.0","0.0","33.8","0.0","0.0","1.2","44.2"
"4190.0","21.4","9.8","0.0","0.0","0.0","39.0","0.4","0.0","0.2","45.2"
"4200.0","22.6","8.8","0.0","0.0","0.0","30.8","0.0","0.0","0.0","45.8"
"4210.0","20.8","9.2","0.0","0.0","0.0","30.6","0.0","0.0","0.6","43.0"
"4220.0","24.2","8.8","0.0","0.2","0.0","35.0","0.2","0.0","0.0","41.8"
"4230.0","22.2","7.8","0.0","0.0","0.0","34.4","0.2","0.0","0.0","44.0"
"4240.0","23.8","6.4","0.0","0.2","0.0","31.2","0.2","0.0","0.0","45.4"
"4250.0","23.0","8.6","0.0","0.0","0.2","36.6","0.0","0.0","0.0","44.8"
"4260.0","21.6","8.6","0.0","0.0","0.0","32.2","0.0","0.0","0.0","43.0"
"4270.0","27.2","8.6","0.0","0.0","0.0","33.4","0.2","0.0","0.0","45.2"
"4280.0","23.2","8.0","0.0","0.0","0.2","32.0","0.2","0.0","0.0","43.8"
"4290.0","21.0","11.6","0.0","0.0","0.0","33.2","0.2","0.0","0.0","43.8"
"4300.0","22.4","10.4","0.0","0.0","0.2","36.2","0.2","0.0","0.0","49.0"
"4310.0","25.2","10.2","0.0","0.0","0.4","38.8","0.0","0.0","0.0","44.6"
"4320.0","25.2","10.6","0.0","0.0","0.0","38.6","0.0","0.0","0.2","47.4"
"4330.0","23.6","10.6","0.0","0.0","0.0","37.2","0.0","0.0","0.2","42.4"
"4340.0","26.0","8.8","0.0","0.0","0.2","35.8","0.0","0.0","0.2","42.0"
"4350.0","26.0","10.6","0.0","0.0","0.0","38.6","0.0","0.0","0.0","42.2"
"4360.0","22.6","8.0","0.0","0.0","0.0","36.2","0.0","0.0","0.2","43.4"
"4370.0","22.4","12.2","0.0","0.0","0.0","37.4","0.4","0.0","0.0","45.0"
"4380.0","19.2","9.8","0.0","0.0","0.0","34.6","0.2","0.0","0.6","42.0"
"4390.0","24.4","9.8","0.0","0.2","0.0","39.2","0.0","0.0","0.0","43.2"
"4400.0","23.8","10.6","0.0","0.0","0.0","33.6","0.0","0.0","0.2","45.6"
"4410.0","23.2","9.4","0.0","0.0","0.2","37.0","0.0","0.0","0.0","44.8"
"4420.0","24.0","7.0","0.0","0.0","0.0","34.0","0.0","0.0","0.0","51.0"
"4430.0","24.2","8.8","0.2","0.0","0.2","37.0","0.2","0.0","0.0","49.8"
"4440.0","24.0","11.6","0.0","0.0","0.2","33.8","0.0","0.0","0.0","45.6"
"4450.0","24.2","8.6","0.0","0.0","0.2","36.8","0.6","0.0","0.0","46.6"
"4460.0","24.0","9.4","0.0","0.0","0.0","34.8","0.0","0.0","0.0","47.8"
"4470.0","24.8","8.0","0.0","0.0","0.0","33.8","0.0","0.0","0.2","46.0"
"4480.0","26.0","8.2","0.2","0.0","0.2","35.2","0.0","0.0","0.0","48.6"
"4490.0","22.4","6.8","0.0","0.2","0.0","32.8","0.2","0.0","0.0","45.4"
"4500.0","25.0","7.6","0.0","0.2","0.0","37.2","0.0","0.0","0.0","47.2"
"4510.0","24.6","7.2","0.0","0.0","0.0","34.0","0.0","0.0","0.2","50.6"
"4520.0","23.4","9.2","0.0","0.0","0.2","38.2","0.2","0.0","0.0","46.4"
"4530.0","23.8","7.4","0.0","0.0","0.2","39.2","0.2","0.0","0.0","47.6"
"4540.0","26.2","7.8","0.0","0.0","0.0","38.6","0.0","0.0","0.2","49.6"
"4550.0","26.6","8.4","0.0","0.0","0.0","33.4","0.0","0.0","0.2","48.0"
"4560.0","27.0","8.8","0.0","0.0","0.0","39.2","0.0","0.0","0.0","48.0"
"4570.0","27.4","7.2","0.0","0.0","0.0","35.4","0.0","0.0","0.0","46.6"
"4580.0","24.2","7.6","0.2","0.0","0.0","38.0","0.0","0.0","0.0","49.0"
"4590.0","24.6","8.8","0.0","0.0","0.2","35.8","0.0","0.0","0.0","47.8"
"4600.0","27.6","7.2","0.0","0.0","0.2","32.8","0.0","0.0","0.0","49.6"
"4610.0","24.6","8.6","0.0","0.0","0.0","36.4","0.0","0.0","0.2","49.8"
"4620.0","26.2","9.8","0.0","0.0","0.0","36.8","0.4","0.0","0.2","49.8"
"4630.0","27.2","8.4","0.0","0.0","0.0","36.8","0.0","0.0","0.0","47.4"
"4640.0","26.0","10.8","0.0","0.0","0.0","38.6","0.2","0.0","0.0","52.0"
"4650.0","23.0","9.6","0.2","0.0","0.0","34.0","0.2","0.0","0.2","47.4"
"4660.0","28.4","11.2","0.0","0.0","0.2","35.6","0.0","0.0","0.2","50.8"
"4670.0","26.0","10.2","0.2","0.0","0.2","37.2","0.2","0.0","0.0","49.4"
"4680.0","19.6","10.6","0.0","0.0","0.0","36.2","0.2","0.0","0.2","48.2"
"4690.0","27.0","10.6","0.0","0.0","0.0","34.6","0.6","0.0","0.0","50.2"
"4700.0","21.4","9.6","0.0","0.0","0.0","36.8","0.0","0.0","0.0","50.0"
"4710.0","23.6","9.8","0.0","0.0","0.0","35.2","0.0","0.0","0.0","46.8"
"4720.0","22.8","10.6","0.2","0.0","0.0","34.8","0.0","0.0","0.0","50.6"
"4730.0","26.2","8.6","0.0","0.0","0.0","34.8","0.2","0.0","0.2","47.8"
"4740.0","21.8","8.4","0.0","0.0","0.0","40.0","0.0","0.0","0.2","47.2"
"4750.0","19.2","12.8","0.0","0.0","0.0","37.4","0.0","0.0","0.0","50.8"
"4760.0","21.2","11.4","0.0","0.0","0.0","41.8","0.0","0.0","0.0","49.6"
"4770.0","26.2","8.4","0.0","0.0","0.0","39.2","0.4","0.0","0.0","52.0"
"4780.0","25.4","8.6","0.0","0.0","0.0","37.2","0.0","0.0","0.4","49.4"
"4790.0","28.4","10.4","0.0","0.0","0.0","37.2","0.6","0.0","0.0","47.6"
"4800.0","25.6","10.6","0.0","0.0","0.0","38.8","0.4","0.0","0.2","49.8"
"4810.0","26.6","7.8","0.0","0.0","0.0","37.4","0.0","0.0","0.2","48.0"
"4820.0","27.6","10.6","0.0","0.0","0.2","35.4","0.0","0.0","0.0","47.8"
"4830.0","26.4","8.8","0.0","0.0","0.0","34.8","0.2","0.0","0.0","47.0"
"4840.0","24.4","10.6","0.2","0.0","0.0","41.0","0.2","0.0","0.0","48.6"
"4850.0","24.2","10.4","0.0","0.0","0.0","32.0","0.0","0.0","0.4","48.4"
"4860.0","23.4","11.6","0.0","0.0","0.0","37.0","0.0","0.0","0.4","48.6"
"4870.0","28.2","10.8","0.0","0.0","0.0","34.2","0.2","0.2","0.0","47.6"
"4880.0","27.4","7.8","0.0","0.0","0.0","39.8","0.2","0.0","0.2","47.8"
"4890.0","24.6","10.8","0.2","0.0","0.2","40.4","0.0","0.0","0.0","50.4"
"4900.0","25.2","11.8","0.0","0.0","0.0","36.8","0.0","0.0","0.0","48.6"
"4910.0","22.2","12.8","0.2","0.0","0.0","38.4","0.0","0.0","0.0","50.4"
"4920.0","23.2","11.6","0.0","0.0","0.0","43.4","0.2","0.0","0.6","52.0"
"4930.0","24.6","10.6","0.0","0.2","0.0","37.8","0.2","0.0","0.6","50.0"
"4940.0","26.8","9.0","0.0","0.2","0.0","39.6","0.2","0.0","0.4","49.0"
"4950.0","26.6","9.8","0.2","0.0","0.0","40.4","0.0","0.0","0.8","48.6"
"4960.0","26.4","12.4","0.0","0.0","0.2","37.4","0.0","0.0","0.8","48.0"
"4970.0","24.2","8.6","0.0","0.0","0.0","37.4","0.0","0.0","0.6","49.6"
"4980.0","24.6","11.6","0.0","0.0","0.0","41.2","0.0","0.0","0.6","47.6"
"4990.0","24.2","9.6","0.2","0.0","0.0","38.8","0.2","0.0","0.6","42.6"
"5000.0","24.8","10.4","0.0","0.0","0.0","40.0","0.0","0.0","0.6","49.2"
"5010.0","24.4","11.2","0.0","0.0","0.0","40.8","0.0","0.0","1.2","51.0"
"5020.0","26.0","9.6","0.0","0.0","0.0","39.0","0.0","0.0","0.6","46.0"
"5030.0","27.4","10.2","0.0","0.0","0.0","37.0","0.0","0.0","1.0","46.6"
"5040.0","25.0","11.0","0.2","0.2","0.0","39.2","0.0","0.0","0.4","47.8"
"5050.0","27.4","11.0","0.0","0.0","0.0","39.6","0.6","0.0","0.0","51.4"
"5060.0","29.0","8.4","0.0","0.0","0.0","41.0","0.4","0.0","0.6","52.8"
"5070.0","26.0","8.4","0.0","0.0","0.0","45.6","0.0","0.0","1.0","47.8"
"5080.0","26.6","10.2","0.0","0.0","0.0","36.8","0.0","0.0","1.6","49.4"
"5090.0","28.2","8.6","0.0","0.0","0.0","36.2","0.2","0.0","0.8","50.4"
"5100.0","26.8","11.0","0.0","0.0","0.0","40.2","0.0","0.0","0.2","47.8"
"5110.0","24.6","10.0","0.0","0.0","0.0","36.4","0.4","0.0","1.0","50.4"
"5120.0","24.6","8.0","0.0","0.0","0.0","35.4","0.0","0.0","0.6","46.2"
"5130.0","26.4","10.8","0.0","0.0","0.0","43.4","0.0","0.0","0.8","47.0"
"5140.0","27.0","10.2","0.0","0.0","0.0","36.8","0.0","0.0","1.2","45.4"
"5150.0","28.8","8.6","0.0","0.0","0.0","38.4","0.0","0.0","1.6","50.6"
"5160.0","28.8","11.0","0.0","0.0","0.0","41.6","0.0","0.0","1.8","46.4"
"5170.0","28.6","8.8","0.0","0.0","0.0","39.6","0.0","0.0","1.0","50.4"
"5180.0","28.6","9.8","0.2","0.0","0.0","35.6","0.0","0.0","1.8","48.4"
"5190.0","26.0","10.8","0.0","0.0","0.0","39.0","0.2","0.0","2.8","50.6"
"5200.0","25.4","10.4","0.0","0.0","0.0","41.0","0.0","0.0","2.0","47.6"
"5210.0","25.4","11.6","0.0","0.0","0.0","38.6","0.0","0.0","2.8","49.0"
"5220.0","24.8","11.2","0.0","0.0","0.0","40.0","0.4","0.0","2.0","47.8"
"5230.0","25.2","11.0","0.0","0.0","0.0","35.6","0.0","0.0","1.8","47.0"
"5240.0","27.0","10.8","0.2","0.0","0.0","38.6","0.0","0.0","1.6","45.4"
"5250.0","27.4","10.6","0.2","0.2","0.0","38.6","0.0","0.0","0.6","46.2"
"5260.0","28.0","9.0","0.0","0.0","0.0","37.2","0.0","0.0","0.2","47.8"
"5270.0","25.4","10.8","0.0","0.0","0.2","40.2","0.2","0.0","0.4","47.6"
"5280.0","27.0","9.6","0.0","0.0","0.0","39.0","0.0","0.0","0.0","51.6"
"5290.0","26.8","8.4","0.2","0.0","0.0","36.2","0.2","0.0","0.0","51.2"
"5300.0","21.6","11.0","0.2","0.0","0.0","37.0","0.0","0.0","0.0","53.4"
"5310.0","24.0","8.4","0.0","0.0","0.0","38.6","0.0","0.0","0.0","48.6"
"5320.0","27.6","7.0","0.0","0.0","0.0","39.4","0.2","0.0","0.2","49.2"
"5330.0","24.8","10.0","0.0","0.0","0.0","36.8","0.2","0.0","0.0","49.2"
"5340.0","25.0","8.6","0.0","0.0","0.0","39.8","0.0","0.0","0.0","48.2"
"5350.0","22.8","8.8","0.0","0.4","0.0","38.6","0.2","0.0","0.0","49.6"
"5360.0","25.6","8.8","0.2","0.0","0.0","35.6","0.0","0.0","0.0","46.6"
"5370.0","25.4","9.0","0.0","0.0","0.4","41.4","0.0","0.0","0.2","45.8"
"5380.0","23.4","8.6","0.0","0.0","0.0","36.4","0.2","0.0","0.0","49.2"
"5390.0","25.0","9.8","0.0","0.0","0.0","40.8","0.4","0.0","0.0","49.6"
"5400.0","26.6","10.2","0.2","0.0","0.0","40.2","0.0","0.0","0.0","50.2"
"5410.0","25.6","11.4","0.0","0.0","0.2","37.6","0.2","0.0","0.0","49.8"
"5420.0","29.2","11.8","0.0","0.0","0.0","41.6","0.2","0.0","0.0","45.6"
"5430.0","29.0","11.0","0.0","0.0","0.2","40.6","0.0","0.0","0.0","50.0"
"5440.0","25.0","11.6","0.0","0.2","0.2","37.2","0.2","0.0","0.0","47.6"
"5450.0","26.6","10.0","0.2","0.0","0.0","41.2","0.0","0.0","0.0","47.8"
"5460.0","27.4","8.8","0.2","0.0","0.2","37.4","0.0","0.0","0.0","48.2"
"5470.0","26.6","10.0","0.0","0.0","0.2","36.4","0.0","0.0","0.0","51.4"
"5480.0","28.4","10.0","0.2","0.0","0.0","39.8","0.4","0.0","0.0","48.2"
"5490.0","25.2","11.8","0.0","0.0","0.2","37.6","0.0","0.0","0.2","45.8"
"5500.0","31.0","12.6","0.0","0.0","0.0","40.6","0.2","0.0","0.2","48.8"
"5510.0","27.0","9.6","0.0","0.0","0.0","36.0","0.0","0.0","0.0","51.6"
"5520.0","28.8","10.0","0.0","0.0","0.2","34.0","0.2","0.0","0.0","47.4"
"5530.0","28.8","8.8","0.0","0.2","0.0","37.0","0.0","0.0","0.0","51.0"
"5540.0","27.6","10.6","0.0","0.0","0.0","37.2","0.0","0.0","0.2","48.4"
"5550.0","25.6","9.2","0.0","0.0","0.0","35.8","0.0","0.0","0.0","51.4"
"5560.0","28.6","9.2","0.0","0.0","0.0","38.0","0.0","0.0","0.8","50.6"
"5570.0","27.2","9.2","0.0","0.0","0.0","35.4","0.2","0.0","0.0","50.6"
"5580.0","29.6","10.0","0.0","0.0","0.0","40.4","0.2","0.0","0.0","49.2"
"5590.0","28.4","10.4","0.2","0.0","0.0","37.8","0.0","0.0","0.0","49.2"
"5600.0","29.0","13.8","0.0","0.0","0.0","34.0","0.0","0.0","0.0","53.4"
"5610.0","25.8","8.8","0.0","0.0","0.0","33.6","0.2","0.0","0.2","53.8"
"5620.0","28.0","9.0","0.0","0.0","0.0","39.2","0.0","0.0","0.2","48.0"
"5630.0","28.2","12.4","0.2","0.0","0.0","36.8","0.2","0.0","0.2","50.4"
"5640.0","30.2","7.8","0.2","0.0","0.0","36.0","0.0","0.0","0.2","48.4"
"5650.0","26.8","8.8","0.0","0.0","0.0","38.2","0.4","0.0","0.0","46.2"
"5660.0","30.0","12.2","0.4","0.0","0.0","36.0","0.0","0.0","0.0","51.8"
"5670.0","30.0","11.6","0.0","0.0","0.2","39.0","0.0","0.0","0.2","50.4"
"5680.0","32.6","9.6","0.0","0.0","0.8","37.0","0.0","0.0","0.0","54.0"
"5690.0","28.6","11.8","0.0","0.0","0.4","38.4","0.0","0.0","0.0","49.2"
"5700.0","29.6","13.0","0.0","0.0","0.6","35.0","0.0","0.0","0.2","51.0"
"5710.0","32.6","10.4","0.0","0.0","0.0","34.8","0.0","0.0","0.0","47.6"
"5720.0","31.0","11.0","0.0","0.0","0.0","42.4","0.0","0.0","0.4","48.6"
"5730.0","30.8","10.6","0.0","0.4","0.0","40.0","0.0","0.0","0.0","49.8"
"5740.0","31.2","11.0","0.0","0.0","0.2","42.0","0.0","0.0","0.2","52.6"
"5750.0","29.0","12.0","0.0","0.0","0.0","38.8","0.2","0.0","0.0","48.2"
"5760.0","25.4","8.4","0.0","0.0","0.0","38.6","0.0","0.0","0.8","52.0"
"5770.0","25.8","9.6","0.0","0.0","0.0","36.4","0.0","0.0","0.0","52.4"
"5780.0","30.0","9.0","0.0","0.0","0.0","39.8","0.2","0.0","0.2","53.0"
"5790.0","34.6","7.0","0.0","0.0","0.0","36.6","0.2","0.0","0.0","49.8"
"5800.0","29.2","10.4","0.2","0.0","0.2","39.6","0.0","0.0","0.2","49.2"
"5810.0","30.2","11.4","0.0","0.0","0.2","36.8","0.2","0.0","0.2","50.8"
"5820.0","32.2","12.0","0.0","0.0","0.0","36.2","0.0","0.0","0.2","48.8"
"5830.0","26.0","12.8","0.0","0.0","0.8","35.4","0.0","0.0","0.0","53.2"
"5840.0","29.4","10.8","0.2","0.0","0.0","39.0","0.0","0.0","0.2","51.8"
"5850.0","34.0","8.0","0.0","0.0","0.0","37.4","0.0","0.0","0.4","50.4"
"5860.0","28.8","9.4","0.0","0.0","0.2","38.6","0.2","0.0","0.2","49.4"
"5870.0","31.8","7.2","0.0","0.0","0.2","36.8","0.0","0.0","0.2","51.2"
"5880.0","30.6","8.8","0.2","0.0","0.4","38.0","0.2","0.0","0.0","51.8"
"5890.0","32.0","10.6","0.0","0.0","0.0","38.4","0.2","0.0","0.2","46.2"
"5900.0","33.0","11.6","0.0","0.0","0.0","39.8","0.2","0.0","0.6","47.0"
"5910.0","26.6","10.0","0.0","0.0","0.2","40.4","0.0","0.0","0.4","52.2"
"5920.0","30.6","11.4","0.0","0.0","0.0","36.8","0.0","0.0","0.0","51.4"
"5930.0","28.2","12.0","0.2","0.0","0.0","39.8","0.0","0.0","0.0","48.8"
"5940.0","31.6","11.2","0.0","0.0","0.2","38.0","0.2","0.0","0.4","50.0"
"5950.0","33.8","10.8","0.0","0.0","0.4","39.0","0.0","0.0","0.2","49.8"
"5960.0","31.2","9.8","0.0","0.0","0.6","39.8","0.0","0.0","0.0","52.0"
"5970.0","32.2","12.8","0.0","0.0","0.2","35.6","0.2","0.0","0.2","51.0"
"5980.0","31.6","11.0","0.0","0.0","0.0","37.4","0.0","0.0","0.0","52.0"
"5990.0","32.8","10.2","0.0","0.0","0.2","37.6","0.0","0.0","0.2","48.0"
"6000.0","31.0","8.6","0.0","0.0","0.2","33.8","0.0","0.0","0.0","51.8"
"6010.0","32.2","11.2","0.2","0.0","0.0","41.6","0.0","0.0","0.0","49.0"
"6020.0","30.2","10.6","0.0","0.4","0.0","37.4","0.0","0.0","0.2","48.0"
"6030.0","32.4","10.0","0.2","0.0","0.0","42.2","0.0","0.0","0.2","48.6"
"6040.0","32.8","11.4","0.0","0.0","0.0","42.2","0.2","0.0","0.0","48.2"
"6050.0","33.4","12.2","0.0","0.2","0.2","41.0","0.2","0.0","0.0","50.4"
"6060.0","32.4","9.4","0.2","0.0","0.2","37.0","0.0","0.0","0.0","48.0"
"6070.0","33.2","11.0","0.0","0.0","0.0","43.0","0.0","0.0","0.0","47.2"
"6080.0","30.8","8.2","0.0","0.0","0.0","40.4","0.2","0.0","0.0","52.0"
"6090.0","34.2","13.0","0.0","0.0","0.2","45.4","0.2","0.0","0.0","51.2"
"6100.0","29.8","11.0","0.0","0.2","0.6","42.2","0.0","0.0","0.4","50.0"
"6110.0","33.0","11.4","0.0","0.0","0.2","42.6","0.2","0.0","0.0","52.4"
"6120.0","32.0","11.0","0.0","0.0","0.0","43.6","0.2","0.0","0.0","49.4"
"6130.0","28.8","12.2","0.2","0.0","0.0","38.2","0.2","0.0","0.0","48.8"
"6140.0","31.2","13.6","0.2","0.0","0.0","42.4","0.4","0.0","0.0","51.4"
"6150.0","29.2","11.2","0.0","0.0","0.0","43.6","0.2","0.0","0.0","53.6"
"6160.0","33.6","11.0","0.0","0.0","0.2","41.4","0.2","0.0","0.0","49.8"
"6170.0","27.2","11.8","0.0","0.0","0.0","41.2","0.0","0.0","0.0","51.2"
"6180.0","28.4","13.6","0.0","0.0","0.2","40.2","0.2","0.0","0.0","47.4"
"6190.0","30.4","14.0","0.0","0.0","0.2","42.6","0.0","0.0","0.0","48.6"
"6200.0","30.0","9.6","0.0","0.0","0.6","40.8","0.0","0.0","0.0","46.6"
"6210.0","28.2","11.8","0.0","0.0","0.2","39.4","0.2","0.0","0.0","45.8"
"6220.0","32.4","11.6","0.0","0.0","0.0","40.2","0.0","0.0","0.2","45.8"
"6230.0","30.2","9.8","0.2","0.2","0.0","40.6","0.2","0.0","0.0","48.8"
"6240.0","30.8","9.0","0.0","0.0","0.2","38.8","0.0","0.0","0.0","42.8"
"6250.0","28.8","10.8","0.0","0.0","0.0","44.2","0.0","0.0","0.0","49.6"
"6260.0","32.0","9.4","0.0","0.0","0.2","38.8","0.4","0.0","0.0","49.6"
"6270.0","33.4","10.8","0.0","0.0","0.0","39.6","0.0","0.0","0.0","47.8"
"6280.0","33.2","10.0","0.0","0.0","0.2","47.0","0.0","0.0","2.2","49.2"
"6290.0","33.8","11.6","0.0","0.0","0.4","40.2","0.6","0.0","0.6","47.8"
"6300.0","32.8","12.6","0.2","0.0","0.2","40.0","0.0","0.0","0.2","48.6"
"6310.0","30.8","11.4","0.0","0.2","0.2","38.4","0.0","0.0","0.0","46.2"
"6320.0","34.2","12.4","0.0","0.0","0.6","39.0","0.0","0.0","0.0","46.6"
"6330.0","33.0","14.2","0.0","0.0","0.4","41.0","0.0","0.0","0.0","47.0"
"6340.0","35.2","13.6","0.0","0.2","0.2","40.2","0.0","0.0","0.2","48.2"
"6350.0","34.6","8.4","0.0","0.0","0.0","39.0","0.0","0.0","0.0","49.4"
"6360.0","32.8","11.4","0.0","0.0","0.2","38.2","0.2","0.0","0.2","51.0"
"6370.0","32.4","11.6","0.0","0.0","0.0","38.0","0.0","0.0","0.0","49.6"
"6380.0","35.2","13.8","0.4","0.0","0.2","41.2","0.0","0.0","0.2","46.6"
"6390.0","31.0","12.8","0.2","0.0","0.0","38.4","0.0","0.0","0.0","49.2"
"6400.0","28.8","10.8","0.0","0.0","0.0","34.8","0.0","0.0","0.0","50.0"
"6410.0","29.6","12.2","0.0","0.0","0.0","41.0","0.0","0.0","0.2","48.6"
"6420.0","29.4","13.6","0.0","0.0","0.0","39.8","0.0","0.0","0.0","48.2"
"6430.0","33.8","12.4","0.0","0.2","0.2","39.8","0.0","0.0","0.0","47.4"
"6440.0","32.8","13.4","0.0","0.0","0.0","42.6","0.0","0.0","0.0","48.2"
"6450.0","33.2","13.4","0.0","0.0","0.0","40.0","0.0","0.0","0.2","45.0"
"6460.0","26.4","13.6","0.0","0.0","0.0","42.2","0.0","0.0","0.0","47.2"
"6470.0","30.8","10.4","0.0","0.0","0.2","38.8","0.2","0.0","0.0","48.8"
"6480.0","31.4","8.8","0.0","0.0","0.2","36.2","0.4","0.0","0.2","46.6"
"6490.0","33.2","11.8","0.0","0.0","0.0","41.6","0.2","0.0","0.0","48.6"
"6500.0","29.6","10.2","0.0","0.0","0.0","42.4","0.2","0.0","0.0","50.6"
"6510.0","34.0","14.0","0.0","0.0","0.2","38.0","0.0","0.0","0.0","43.8"
"6520.0","30.2","14.0","0.0","0.0","0.2","40.6","0.0","0.0","0.2","51.4"
"6530.0","28.2","12.0","0.2","0.0","0.2","39.4","0.4","0.0","0.0","49.0"
"6540.0","33.6","11.4","0.2","0.0","0.2","39.8","0.2","0.0","0.2","48.8"
"6550.0","31.2","10.8","0.0","0.0","0.2","33.4","0.2","0.0","0.2","52.2"
"6560.0","30.6","13.6","0.0","0.0","0.0","42.4","0.2","0.0","0.0","51.6"
"6570.0","32.4","10.6","0.0","0.0","0.2","40.2","0.0","0.0","0.0","52.0"
"6580.0","31.4","10.4","0.0","0.0","0.0","41.4","0.0","0.0","0.0","45.8"
"6590.0","31.2","11.6","0.0","0.0","0.2","39.4","0.0","0.0","0.0","50.2"
"6600.0","28.8","11.8","0.0","0.0","0.0","40.2","0.2","0.0","0.0","51.6"
"6610.0","32.4","9.8","0.0","0.0","0.0","39.8","0.2","0.0","0.0","53.4"
"6620.0","31.2","9.0","0.0","0.0","0.0","37.0","0.0","0.0","0.6","51.4"
"6630.0","33.6","12.2","0.4","0.0","0.2","37.4","0.2","0.0","0.4","51.0"
"6640.0","31.6","12.4","0.0","0.0","0.0","37.2","0.2","0.0","0.0","53.2"
"6650.0","34.8","11.4","0.0","0.0","0.0","37.0","0.0","0.0","0.0","49.0"
"6660.0","29.8","11.8","0.0","0.0","0.4","36.0","0.0","0.0","0.0","53.2"
"6670.0","32.8","14.6","0.0","0.0","0.0","34.0","0.0","0.0","0.2","51.6"
"6680.0","32.4","11.8","0.0","0.0","0.0","38.0","0.0","0.0","0.4","53.6"
"6690.0","31.8","12.0","0.2","0.0","0.0","37.2","0.0","0.0","0.8","50.4"
"6700.0","34.8","11.8","0.2","0.0","0.0","39.2","0.0","0.0","0.0","49.0"
"6710.0","29.4","11.4","0.0","0.0","0.4","38.4","0.0","0.0","0.6","52.6"
"6720.0","32.6","10.8","0.2","0.0","0.2","39.8","0.0","0.0","0.0","45.8"
"6730.0","33.6","13.6","0.2","0.0","0.0","44.2","0.0","0.0","0.2","55.4"
"6740.0","32.0","9.4","0.0","0.0","0.0","38.4","0.2","0.0","2.2","52.8"
"6750.0","33.6","11.2","0.0","0.0","0.0","40.8","0.2","0.0","0.4","51.2"
"6760.0","33.0","12.6","0.0","0.0","0.2","45.6","0.2","0.0","0.4","55.6"
"6770.0","33.6","13.0","0.2","0.0","0.2","42.0","0.0","0.0","0.2","53.8"
"6780.0","33.0","9.8","0.0","0.0","0.0","41.2","0.0","0.0","0.2","53.0"
"6790.0","30.6","14.4","0.0","0.0","0.4","44.8","0.2","0.0","0.4","54.4"
"6800.0","30.6","14.6","0.0","0.0","0.0","41.2","0.0","0.0","0.0","53.6"
"6810.0","33.2","13.2","0.0","0.0","0.0","40.0","0.0","0.0","0.0","53.2"
"6820.0","29.2","9.4","0.0","0.0","0.2","38.2","0.0","0.0","0.4","50.4"
"6830.0","29.4","9.8","0.2","0.0","0.8","42.8","0.2","0.0","0.0","49.8"
"6840.0","30.2","11.6","0.0","0.0","0.6","41.2","0.0","0.0","0.0","52.2"
"6850.0","31.4","13.0","0.0","0.0","0.4","43.4","0.0","0.0","0.2","53.2"
"6860.0","34.2","12.6","0.0","0.0","0.2","40.6","0.2","0.0","0.4","50.8"
"6870.0","34.0","11.0","0.0","0.0","0.2","40.6","0.0","0.0","0.2","50.4"
"6880.0","33.8","9.2","0.2","0.0","0.4","45.0","0.0","0.0","0.4","53.2"
"6890.0","31.2","11.2","0.0","0.0","0.0","41.2","0.2","0.0","0.4","53.6"
"6900.0","32.4","12.2","0.0","0.0","0.0","45.2","0.0","0.0","0.8","55.0"
"6910.0","31.6","12.4","0.0","0.0","0.2","44.6","0.4","0.0","0.4","50.4"
"6920.0","32.8","9.0","0.0","0.0","0.0","45.6","0.0","0.0","0.8","53.8"
"6930.0","33.2","10.8","0.0","0.0","0.8","40.6","0.2","0.0","0.0","55.8"
"6940.0","32.2","12.4","0.0","0.0","0.2","43.0","0.0","0.0","0.4","54.4"
"6950.0","27.0","13.0","0.0","0.0","0.2","42.6","0.0","0.0","0.0","54.0"
"6960.0","33.6","11.0","0.0","0.0","0.0","40.6","0.2","0.0","0.2","50.0"
"6970.0","34.0","13.6","0.2","0.0","0.4","43.8","0.0","0.0","0.2","51.2"
"6980.0","32.2","11.0","0.2","0.0","0.0","43.6","0.0","0.0","0.2","53.0"
"6990.0","33.4","13.0","0.0","0.0","0.4","44.2","0.2","0.0","0.4","52.2"
"7000.0","33.4","12.0","0.0","0.0","0.2","38.4","0.4","0.0","0.2","49.4"
"7010.0","33.4","10.8","0.0","0.0","0.4","44.2","0.0","0.0","0.0","47.4"
"7020.0","30.6","11.8","0.0","0.0","0.4","41.6","0.0","0.0","0.0","47.4"
"7030.0","32.8","12.4","0.0","0.0","0.0","42.6","0.0","0.0","0.4","52.4"
"7040.0","36.0","9.8","0.0","0.0","0.2","44.0","0.2","0.0","0.0","50.0"
"7050.0","34.2","11.4","0.0","0.0","0.6","47.4","0.0","0.0","0.0","53.8"
"7060.0","33.2","9.8","0.2","0.0","0.4","38.2","0.2","0.0","0.0","49.8"
"7070.0","32.6","14.4","0.0","0.0","0.0","41.2","0.0","0.0","0.0","51.6"
"7080.0","34.8","10.8","0.0","0.0","0.4","42.8","0.4","0.0","0.0","55.2"
"7090.0","34.6","12.2","0.0","0.0","0.2","40.8","0.2","0.0","0.0","53.8"
"7100.0","38.8","12.6","0.0","0.0","0.2","41.0","0.0","0.0","0.0","50.4"
"7110.0","33.0","9.6","0.2","0.0","0.2","38.8","0.2","0.0","0.0","49.0"
"7120.0","34.6","13.0","0.0","0.0","0.0","39.4","0.0","0.0","0.0","53.8"
"7130.0","34.0","11.8","0.0","0.0","0.0","39.0","0.0","0.0","0.0","51.0"
"7140.0","34.6","9.4","0.0","0.0","0.2","42.4","0.0","0.0","0.0","54.6"
"7150.0","38.4","11.0","0.0","0.0","0.2","42.4","0.0","0.0","0.0","50.8"
"7160.0","36.6","11.0","0.0","0.0","0.2","40.6","0.0","0.0","0.0","50.8"
"7170.0","39.2","14.4","0.0","0.0","0.2","41.4","0.0","0.0","0.0","53.4"
"7180.0","35.4","9.4","0.0","0.0","0.6","44.4","0.0","0.0","0.0","53.6"
"7190.0","36.0","10.4","0.0","0.0","1.0","44.8","0.2","0.0","0.2","48.8"
"7200.0","34.6","10.8","0.2","0.0","0.4","41.0","0.2","0.0","0.0","52.0"
"7210.0","34.2","11.2","0.0","0.2","0.2","42.8","0.2","0.0","0.0","52.6"
"7220.0","37.0","12.0","0.0","0.2","0.4","42.8","0.0","0.0","0.2","49.4"
"7230.0","33.8","11.8","0.0","0.0","0.0","39.2","0.0","0.0","1.2","49.6"
"7240.0","36.4","12.2","0.6","0.0","0.4","43.4","0.4","0.0","1.6","52.8"
"7250.0","36.6","12.2","0.0","0.2","0.0","44.4","0.0","0.0","0.6","53.6"
"7260.0","36.0","11.8","0.0","0.0","0.2","45.2","0.0","0.0","0.6","52.4"
"7270.0","34.6","11.8","0.0","0.0","0.4","40.8","0.0","0.0","0.6","52.2"
"7280.0","31.4","11.6","0.0","0.0","0.4","39.6","0.0","0.0","0.2","52.8"
"7290.0","32.8","11.4","0.0","0.0","0.6","43.0","0.0","0.0","0.0","52.6"
"7300.0","35.0","16.2","0.0","0.0","0.4","45.0","0.0","0.0","0.2","53.2"
"7310.0","36.8","10.0","0.0","0.0","0.2","44.0","0.0","0.0","0.6","51.0"
"7320.0","34.8","13.6","0.0","0.0","0.6","40.0","0.2","0.0","0.0","51.6"
"7330.0","35.4","14.2","0.0","0.0","0.2","44.4","0.0","0.0","0.2","52.8"
"7340.0","28.6","13.8","0.0","0.0","0.2","45.0","0.0","0.0","0.2","53.8"
"7350.0","35.8","11.0","0.0","0.0","0.2","44.6","0.0","0.0","0.4","51.8"
"7360.0","32.8","12.6","0.0","0.0","0.2","45.8","0.0","0.0","0.0","55.6"
"7370.0","33.4","11.0","0.0","0.0","0.0","42.8","0.0","0.0","0.2","54.0"
"7380.0","36.4","11.4","0.4","0.0","0.0","40.0","0.0","0.0","0.0","53.6"
"7390.0","38.4","12.8","0.0","0.4","1.4","39.8","0.2","0.0","0.4","50.4"
"7400.0","33.2","12.4","0.2","0.0","0.2","43.0","0.0","0.0","0.0","52.6"
"7410.0","34.8","9.6","0.0","0.0","0.4","46.8","0.0","0.0","0.0","50.6"
"7420.0","36.0","14.8","0.0","0.0","0.0","42.6","0.4","0.0","0.2","52.2"
"7430.0","37.0","13.8","0.2","0.0","0.2","37.8","0.2","0.0","0.2","49.8"
"7440.0","32.2","13.6","0.0","0.0","0.6","42.0","0.4","0.0","1.0","55.0"
"7450.0","32.6","13.4","0.2","0.0","0.6","41.8","0.2","0.0","0.6","50.4"
"7460.0","33.0","11.6","0.0","0.0","0.2","43.2","0.0","0.0","0.8","51.8"
"7470.0","37.4","13.8","0.0","0.2","0.2","40.8","0.0","0.0","1.0","50.2"
"7480.0","33.2","13.4","0.0","0.0","0.2","37.6","0.0","0.0","1.6","53.2"
"7490.0","30.8","13.4","0.2","0.0","0.4","41.2","0.2","0.0","0.2","51.8"
"7500.0","35.2","12.0","0.0","0.0","0.0","42.0","0.0","0.0","0.6","49.8"
"7510.0","32.4","13.6","0.0","0.0","0.2","42.4","0.0","0.0","0.6","53.2"
"7520.0","33.8","14.0","0.0","0.0","0.4","41.0","0.0","0.0","0.6","53.6"
"7530.0","36.4","14.2","0.0","0.0","0.0","45.6","0.0","0.0","0.6","55.2"
"7540.0","35.6","12.8","0.0","0.0","0.2","38.8","0.4","0.0","0.8","51.6"
"7550.0","36.0","10.4","0.0","0.0","0.2","44.2","0.0","0.0","0.0","54.0"
"7560.0","34.6","13.4","0.0","0.0","0.0","38.8","0.2","0.0","0.0","54.0"
"7570.0","35.6","12.4","0.0","0.2","0.4","43.0","0.0","0.0","0.8","53.2"
"7580.0","39.6","11.4","0.2","0.0","0.4","39.8","0.0","0.0","0.4","53.0"
"7590.0","37.4","13.8","0.0","0.0","0.0","44.4","0.0","0.0","0.2","55.6"
"7600.0","38.6","10.6","0.0","0.0","0.2","47.4","0.2","0.0","0.4","55.0"
"7610.0","35.4","11.4","0.0","0.0","0.2","42.4","0.2","0.0","0.6","52.8"
"7620.0","36.2","12.6","0.2","0.0","0.0","40.8","0.0","0.0","0.2","51.6"
"7630.0","38.4","11.8","0.0","0.0","0.0","37.0","0.0","0.0","0.6","51.4"
"7640.0","42.0","14.6","0.2","0.0","0.2","39.4","0.0","0.0","0.8","53.2"
"7650.0","38.6","12.4","0.0","0.0","0.4","42.8","0.2","0.0","0.4","51.4"
"7660.0","38.6","13.2","0.0","0.0","0.0","37.8","0.0","0.0","0.6","53.0"
"7670.0","42.8","11.6","0.2","0.0","0.2","42.4","0.2","0.0","0.6","54.0"
"7680.0","36.6","14.0","0.0","0.0","0.2","40.4","0.2","0.0","0.4","48.4"
"7690.0","37.0","15.4","0.0","0.0","0.4","41.4","0.0","0.0","0.0","54.2"
"7700.0","38.4","14.0","0.0","0.0","0.0","42.4","0.0","0.0","0.0","52.4"
"7710.0","38.0","11.4","0.0","0.0","0.0","40.4","0.0","0.0","0.4","51.4"
"7720.0","37.4","14.2","0.2","0.0","0.2","42.2","0.0","0.0","0.6","52.0"
"7730.0","37.2","14.0","0.0","0.0","0.0","42.4","0.0","0.0","1.2","44.8"
"7740.0","38.8","14.2","0.0","0.0","0.2","39.4","0.0","0.0","1.6","50.4"
"7750.0","34.6","15.4","0.0","0.0","0.0","44.8","0.2","0.0","2.4","52.2"
"7760.0","38.8","14.4","0.2","0.0","0.2","43.2","0.2","0.0","1.0","54.8"
"7770.0","39.8","14.6","0.0","0.2","0.4","42.8","0.2","0.0","0.4","50.4"
"7780.0","38.4","15.8","0.0","0.0","0.0","43.6","0.0","0.0","0.2","51.2"
"7790.0","35.8","16.0","0.0","0.0","0.2","37.0","0.0","0.0","0.4","55.6"
"7800.0","36.4","12.4","0.0","0.0","0.0","41.8","0.0","0.0","0.0","48.4"
"7810.0","37.2","13.2","0.0","0.0","0.0","38.6","0.0","0.0","0.6","50.0"
