"PandaController_2019_08_11__07_01_34__167031hpgggtlboa","PandaController_2019_08_11__10_10_55__066820irbqdccwic","PandaController_2019_08_11__13_45_46__951166yonbfuxuse","PandaController_2019_08_11__15_00_58__016745rvhfwqxqpa","PandaController_2019_08_11__12_19_54__819248lvmwilclox","Mean_over_std_grasp_times"
"nan","nan","nan","nan","nan","nan"
"nan","nan","nan","nan","70.0035713374682","70.0035713374682"
"nan","nan","nan","nan","nan","nan"
"nan","nan","nan","nan","nan","nan"
"nan","436.6741729634732","nan","nan","nan","436.6741729634732"
"nan","nan","nan","nan","nan","nan"
"nan","nan","nan","nan","nan","nan"
"nan","nan","nan","nan","nan","nan"
"nan","nan","nan","nan","nan","nan"
"nan","nan","nan","nan","nan","nan"
"nan","nan","nan","nan","nan","nan"
"nan","nan","nan","nan","nan","nan"
"65.05382386916237","nan","nan","nan","nan","65.05382386916237"
"nan","nan","nan","nan","12.020815280171307","12.020815280171307"
"nan","nan","nan","nan","nan","nan"
"nan","nan","nan","nan","162.79537257960783","162.79537257960783"
"nan","nan","nan","nan","nan","nan"
"nan","nan","nan","nan","216.79898523747752","216.79898523747752"
"nan","nan","nan","nan","271.84723038255635","271.84723038255635"
"nan","nan","nan","nan","nan","nan"
"nan","nan","nan","nan","101.82337649086284","101.82337649086284"
"nan","nan","nan","nan","160.11350140863615","160.11350140863615"
"nan","nan","nan","nan","nan","nan"
"nan","nan","nan","nan","268.06280358652276","268.06280358652276"
"nan","nan","nan","nan","nan","nan"
"nan","nan","nan","nan","74.95331880577403","74.95331880577403"
"nan","nan","nan","nan","314.69313094928947","314.69313094928947"
"nan","nan","nan","nan","358.7659404124087","358.7659404124087"
"nan","nan","nan","nan","41.556186863891476","41.556186863891476"
"nan","nan","nan","nan","nan","nan"
"nan","nan","nan","nan","nan","nan"
"nan","nan","nan","nan","nan","nan"
"nan","nan","nan","nan","nan","nan"
"nan","nan","nan","nan","nan","nan"
"nan","nan","nan","nan","nan","nan"
"nan","nan","nan","nan","nan","nan"
"nan","nan","nan","nan","nan","nan"
"nan","nan","nan","nan","nan","nan"
"nan","nan","nan","nan","nan","nan"
"nan","nan","nan","nan","nan","nan"
"nan","nan","nan","nan","164.75588001646557","164.75588001646557"
"nan","nan","nan","nan","nan","nan"
"nan","nan","nan","nan","nan","nan"
"nan","nan","nan","nan","nan","nan"
"nan","nan","nan","nan","nan","nan"
"nan","nan","nan","nan","nan","nan"
"nan","nan","nan","nan","nan","nan"
"nan","nan","nan","nan","nan","nan"
"nan","nan","nan","nan","nan","nan"
"nan","nan","nan","nan","nan","nan"
"nan","nan","nan","nan","nan","nan"
"nan","nan","nan","nan","nan","nan"
"nan","nan","nan","nan","nan","nan"
"1.4142135623730951","nan","nan","nan","nan","1.4142135623730951"
"nan","nan","nan","nan","nan","nan"
"nan","nan","nan","nan","nan","nan"
"nan","nan","nan","nan","nan","nan"
"nan","nan","nan","nan","nan","nan"
"nan","nan","nan","nan","nan","nan"
"nan","nan","nan","nan","nan","nan"
"nan","nan","nan","nan","nan","nan"
"nan","nan","nan","nan","nan","nan"
"nan","nan","nan","nan","nan","nan"
"nan","nan","nan","nan","nan","nan"
"nan","nan","nan","nan","nan","nan"
"nan","nan","nan","nan","nan","nan"
"nan","4.509249752822894","nan","nan","nan","4.509249752822894"
"nan","nan","nan","nan","nan","nan"
"nan","nan","nan","nan","nan","nan"
"nan","nan","nan","nan","nan","nan"
"nan","28.991378028648448","nan","nan","nan","28.991378028648448"
"nan","nan","nan","nan","nan","nan"
"nan","5.678908345800274","nan","nan","nan","5.678908345800274"
"nan","nan","nan","nan","nan","nan"
"nan","nan","nan","nan","nan","nan"
"nan","nan","nan","nan","nan","nan"
"nan","nan","nan","nan","nan","nan"
"nan","13.435028842544403","nan","nan","nan","13.435028842544403"
"nan","nan","nan","nan","nan","nan"
"nan","nan","nan","nan","nan","nan"
"nan","nan","nan","nan","nan","nan"
"nan","nan","nan","nan","nan","nan"
"nan","nan","nan","nan","nan","nan"
"nan","nan","nan","nan","nan","nan"
"nan","nan","nan","nan","nan","nan"
"nan","nan","nan","nan","nan","nan"
"nan","nan","nan","nan","nan","nan"
"nan","nan","nan","nan","nan","nan"
"nan","nan","nan","nan","nan","nan"
"nan","48.79036790187178","nan","nan","nan","48.79036790187178"
"nan","nan","nan","nan","nan","nan"
"nan","45.254833995939045","nan","nan","nan","45.254833995939045"
"nan","nan","nan","nan","nan","nan"
"nan","nan","nan","nan","nan","nan"
"nan","nan","nan","nan","nan","nan"
"nan","nan","nan","nan","nan","nan"
"nan","nan","nan","nan","nan","nan"
"nan","nan","nan","nan","nan","nan"
"nan","nan","nan","nan","nan","nan"
"nan","nan","nan","nan","nan","nan"
"nan","nan","nan","nan","nan","nan"
"nan","nan","nan","nan","nan","nan"
"nan","nan","nan","nan","nan","nan"
"nan","nan","nan","nan","nan","nan"
"nan","nan","nan","nan","nan","nan"
"nan","nan","nan","nan","nan","nan"
"nan","nan","nan","nan","nan","nan"
"nan","nan","nan","nan","nan","nan"
"nan","24.94660965609021","nan","nan","nan","24.94660965609021"
"nan","nan","nan","nan","nan","nan"
"nan","nan","nan","nan","nan","nan"
"nan","nan","nan","nan","nan","nan"
"nan","nan","nan","nan","nan","nan"
"nan","nan","nan","nan","nan","nan"
"nan","nan","nan","nan","nan","nan"
"nan","nan","nan","nan","nan","nan"
"nan","36.637867477970566","nan","nan","nan","36.637867477970566"
"nan","nan","nan","nan","nan","nan"
"nan","nan","nan","nan","nan","nan"
"nan","nan","nan","nan","nan","nan"
"nan","nan","nan","nan","nan","nan"
"nan","nan","nan","nan","nan","nan"
"nan","44.54772721475249","nan","nan","nan","44.54772721475249"
"nan","nan","nan","nan","nan","nan"
"nan","nan","nan","nan","nan","nan"
"nan","nan","nan","nan","nan","nan"
"nan","nan","nan","nan","nan","nan"
"nan","nan","nan","nan","nan","nan"
"nan","nan","nan","nan","nan","nan"
"nan","nan","nan","nan","nan","nan"
"nan","nan","nan","nan","nan","nan"
"nan","nan","nan","nan","nan","nan"
"nan","nan","nan","nan","nan","nan"
"nan","nan","nan","nan","nan","nan"
"nan","nan","nan","nan","nan","nan"
"nan","nan","nan","nan","nan","nan"
"nan","nan","nan","nan","nan","nan"
"nan","460.54894781481516","nan","nan","nan","460.54894781481516"
"nan","nan","nan","nan","nan","nan"
"nan","375.8106792876789","nan","nan","nan","375.8106792876789"
"nan","nan","nan","nan","nan","nan"
"nan","nan","nan","nan","nan","nan"
"nan","nan","nan","nan","nan","nan"
"nan","nan","nan","nan","nan","nan"
"nan","nan","nan","nan","nan","nan"
"nan","196.5756851698602","nan","nan","nan","196.5756851698602"
"nan","nan","nan","nan","nan","nan"
"nan","nan","nan","nan","nan","nan"
"nan","nan","nan","nan","nan","nan"
"nan","nan","nan","nan","nan","nan"
"nan","373.87564777610214","nan","nan","nan","373.87564777610214"
"nan","nan","nan","nan","nan","nan"
"nan","nan","nan","nan","nan","nan"
"nan","nan","nan","nan","nan","nan"
"nan","nan","nan","nan","nan","nan"
"nan","nan","nan","nan","nan","nan"
"nan","nan","nan","nan","nan","nan"
"nan","nan","nan","nan","nan","nan"
"nan","nan","nan","nan","nan","nan"
"nan","nan","nan","nan","nan","nan"
"nan","nan","nan","nan","nan","nan"
"nan","255.9726547895302","nan","nan","nan","255.9726547895302"
"nan","nan","nan","nan","nan","nan"
"nan","nan","nan","nan","nan","nan"
"nan","nan","nan","nan","nan","nan"
"nan","nan","nan","nan","nan","nan"
"nan","276.27688406138265","nan","nan","nan","276.27688406138265"
"nan","327.50101781012324","nan","nan","nan","327.50101781012324"
"nan","305.0770394506935","nan","nan","nan","305.0770394506935"
"nan","nan","nan","nan","nan","nan"
"nan","248.19448019647817","nan","nan","nan","248.19448019647817"
"nan","13.650396819628847","nan","nan","nan","13.650396819628847"
"nan","nan","nan","nan","nan","nan"
"nan","nan","nan","nan","nan","nan"
"nan","nan","nan","nan","nan","nan"
"nan","nan","nan","nan","nan","nan"
"nan","nan","nan","nan","nan","nan"
"nan","nan","nan","nan","nan","nan"
"nan","nan","nan","nan","nan","nan"
"nan","nan","nan","nan","nan","nan"
"nan","nan","nan","nan","nan","nan"
"nan","nan","nan","nan","nan","nan"
"nan","nan","nan","nan","nan","nan"
"nan","nan","nan","nan","nan","nan"
"nan","nan","nan","nan","nan","nan"
"nan","107.48023074035522","nan","nan","nan","107.48023074035522"
"nan","nan","nan","nan","nan","nan"
"nan","nan","nan","nan","nan","nan"
"nan","nan","nan","nan","nan","nan"
"nan","nan","nan","nan","nan","nan"
"nan","nan","nan","nan","nan","nan"
"nan","nan","nan","nan","nan","nan"
"nan","nan","nan","nan","nan","nan"
"nan","nan","nan","nan","nan","nan"
"nan","nan","nan","nan","nan","nan"
"nan","nan","nan","nan","nan","nan"
"nan","nan","nan","nan","nan","nan"
"nan","nan","nan","nan","nan","nan"
"nan","nan","nan","nan","nan","nan"
"nan","nan","nan","nan","nan","nan"
"nan","nan","nan","nan","nan","nan"
"nan","10.606601717798213","nan","nan","nan","10.606601717798213"
"nan","nan","nan","nan","nan","nan"
"nan","nan","nan","nan","nan","nan"
"nan","nan","nan","nan","nan","nan"
"nan","nan","nan","nan","nan","nan"
"nan","nan","nan","nan","nan","nan"
"nan","nan","nan","nan","nan","nan"
"nan","nan","nan","nan","nan","nan"
"nan","nan","nan","nan","nan","nan"
"nan","nan","nan","nan","nan","nan"
"nan","nan","nan","nan","nan","nan"
"nan","41.00406483915141","nan","nan","nan","41.00406483915141"
"nan","nan","nan","nan","nan","nan"
"nan","12.727922061357855","nan","nan","nan","12.727922061357855"
"nan","nan","nan","nan","nan","nan"
"nan","nan","nan","nan","nan","nan"
"nan","nan","nan","nan","nan","nan"
"nan","nan","nan","nan","nan","nan"
"nan","nan","nan","nan","nan","nan"
"nan","nan","nan","nan","nan","nan"
"nan","nan","nan","nan","nan","nan"
"nan","2.8284271247461903","nan","nan","nan","2.8284271247461903"
"nan","nan","nan","nan","nan","nan"
"nan","nan","nan","nan","nan","nan"
"nan","nan","nan","nan","nan","nan"
"nan","nan","nan","nan","nan","nan"
"nan","nan","nan","nan","nan","nan"
"nan","nan","nan","nan","nan","nan"
"nan","nan","nan","nan","nan","nan"
"nan","nan","nan","nan","nan","nan"
"nan","nan","nan","nan","nan","nan"
"nan","nan","nan","nan","nan","nan"
"nan","nan","nan","nan","nan","nan"
"nan","nan","nan","nan","nan","nan"
"nan","nan","nan","nan","nan","nan"
"nan","nan","nan","nan","nan","nan"
"nan","nan","nan","nan","nan","nan"
"nan","nan","nan","nan","nan","nan"
"nan","nan","nan","nan","nan","nan"
"nan","nan","nan","nan","nan","nan"
"nan","nan","nan","nan","nan","nan"
"nan","nan","nan","nan","nan","nan"
"nan","nan","nan","nan","nan","nan"
"nan","nan","nan","nan","nan","nan"
"nan","nan","nan","nan","nan","nan"
"nan","nan","nan","nan","nan","nan"
"nan","nan","nan","nan","nan","nan"
"nan","nan","nan","nan","nan","nan"
"nan","nan","nan","nan","nan","nan"
"nan","nan","nan","nan","nan","nan"
"nan","nan","nan","nan","nan","nan"
"nan","nan","nan","nan","nan","nan"
"nan","nan","nan","nan","nan","nan"
"nan","nan","nan","nan","nan","nan"
"nan","nan","nan","nan","nan","nan"
"nan","nan","nan","nan","nan","nan"
"nan","nan","nan","nan","nan","nan"
"nan","nan","nan","nan","nan","nan"
"nan","nan","nan","nan","nan","nan"
"nan","nan","nan","nan","nan","nan"
"nan","nan","nan","nan","nan","nan"
"nan","nan","nan","nan","nan","nan"
"nan","nan","nan","nan","nan","nan"
"nan","nan","nan","nan","nan","nan"
"nan","nan","nan","nan","nan","nan"
"nan","nan","nan","nan","nan","nan"
"nan","nan","nan","nan","nan","nan"
"nan","nan","nan","nan","nan","nan"
"nan","nan","nan","nan","nan","nan"
"nan","nan","nan","nan","nan","nan"
"nan","nan","nan","nan","nan","nan"
"nan","nan","nan","nan","nan","nan"
"nan","nan","nan","nan","nan","nan"
"nan","nan","nan","nan","nan","nan"
"nan","nan","nan","nan","nan","nan"
"nan","nan","nan","nan","nan","nan"
"nan","nan","nan","nan","nan","nan"
"nan","nan","nan","nan","nan","nan"
"nan","nan","nan","nan","nan","nan"
"nan","nan","nan","nan","nan","nan"
"nan","nan","nan","nan","nan","nan"
"nan","nan","nan","nan","nan","nan"
"nan","nan","nan","nan","nan","nan"
"nan","nan","nan","nan","nan","nan"
"nan","nan","nan","nan","nan","nan"
"nan","nan","nan","nan","nan","nan"
"nan","nan","nan","nan","nan","nan"
"nan","nan","nan","nan","nan","nan"
"nan","nan","nan","nan","nan","nan"
"nan","nan","nan","nan","nan","nan"
"nan","nan","nan","nan","nan","nan"
"nan","nan","nan","nan","nan","nan"
"nan","nan","nan","nan","nan","nan"
"nan","nan","nan","nan","nan","nan"
"nan","nan","nan","nan","nan","nan"
"nan","nan","nan","nan","nan","nan"
"nan","nan","nan","nan","nan","nan"
"nan","nan","nan","nan","nan","nan"
"nan","nan","nan","nan","nan","nan"
"nan","nan","nan","nan","nan","nan"
"nan","nan","nan","nan","nan","nan"
"nan","nan","nan","nan","nan","nan"
"nan","nan","nan","nan","nan","nan"
"nan","6.363961030678928","nan","nan","nan","6.363961030678928"
"nan","nan","nan","nan","nan","nan"
"nan","nan","nan","nan","nan","nan"
"nan","nan","nan","nan","nan","nan"
"nan","nan","nan","nan","nan","nan"
"nan","nan","nan","nan","nan","nan"
"nan","nan","nan","nan","nan","nan"
"nan","nan","nan","nan","nan","nan"
"nan","nan","nan","nan","nan","nan"
"nan","nan","nan","nan","nan","nan"
"nan","nan","nan","nan","nan","nan"
"nan","nan","nan","nan","nan","nan"
"nan","nan","nan","nan","nan","nan"
"nan","nan","nan","nan","nan","nan"
"nan","nan","nan","nan","nan","nan"
"nan","nan","nan","nan","nan","nan"
"nan","nan","nan","nan","nan","nan"
"nan","nan","nan","nan","nan","nan"
"nan","nan","nan","nan","nan","nan"
"nan","nan","nan","nan","nan","nan"
"nan","nan","nan","nan","nan","nan"
"nan","nan","nan","nan","nan","nan"
"nan","nan","nan","nan","nan","nan"
"nan","nan","nan","nan","nan","nan"
"nan","nan","nan","nan","nan","nan"
"nan","nan","nan","nan","nan","nan"
"nan","nan","nan","nan","nan","nan"
"nan","nan","nan","nan","nan","nan"
"nan","nan","nan","nan","nan","nan"
"nan","nan","nan","nan","nan","nan"
"nan","nan","nan","nan","nan","nan"
"nan","nan","nan","nan","nan","nan"
"nan","nan","nan","nan","nan","nan"
"nan","nan","nan","nan","nan","nan"
"nan","nan","nan","nan","nan","nan"
"nan","nan","nan","nan","nan","nan"
"nan","nan","nan","nan","nan","nan"
"nan","nan","nan","nan","nan","nan"
"nan","nan","nan","nan","nan","nan"
"nan","nan","nan","nan","nan","nan"
"nan","nan","nan","nan","nan","nan"
"nan","nan","nan","nan","nan","nan"
"nan","nan","nan","nan","nan","nan"
"nan","nan","nan","nan","nan","nan"
"nan","nan","nan","nan","nan","nan"
"nan","nan","nan","nan","nan","nan"
"nan","nan","nan","nan","nan","nan"
"nan","19.091883092036785","nan","nan","nan","19.091883092036785"
"nan","nan","nan","nan","nan","nan"
"nan","nan","nan","nan","nan","nan"
"nan","nan","nan","nan","nan","nan"
"nan","nan","nan","nan","nan","nan"
"nan","nan","nan","nan","nan","nan"
"nan","nan","nan","nan","nan","nan"
"nan","nan","nan","nan","nan","nan"
"nan","nan","nan","nan","nan","nan"
"nan","nan","nan","nan","nan","nan"
"nan","nan","nan","nan","nan","nan"
"nan","nan","nan","nan","nan","nan"
"nan","nan","nan","nan","nan","nan"
"nan","nan","nan","nan","nan","nan"
"nan","nan","nan","nan","nan","nan"
"nan","nan","nan","nan","nan","nan"
"nan","18.77054430040145","nan","nan","nan","18.77054430040145"
"nan","nan","nan","nan","nan","nan"
"nan","0.0","nan","nan","nan","0.0"
"nan","nan","nan","nan","nan","nan"
"nan","nan","nan","nan","nan","nan"
"nan","nan","nan","nan","nan","nan"
"nan","nan","nan","nan","nan","nan"
"nan","nan","nan","nan","nan","nan"
"nan","nan","nan","nan","nan","nan"
"nan","nan","nan","nan","nan","nan"
"nan","nan","nan","nan","nan","nan"
"nan","nan","nan","nan","nan","nan"
"nan","nan","nan","nan","nan","nan"
"nan","nan","nan","nan","nan","nan"
"nan","nan","nan","nan","nan","nan"
"nan","nan","nan","nan","nan","nan"
"nan","nan","nan","nan","nan","nan"
"nan","4.242640687119285","nan","nan","nan","4.242640687119285"
"nan","nan","nan","nan","nan","nan"
"nan","nan","nan","nan","nan","nan"
"nan","nan","nan","nan","nan","nan"
"nan","nan","nan","nan","nan","nan"
"nan","24.748737341529164","nan","nan","nan","24.748737341529164"
"nan","nan","nan","nan","nan","nan"
"nan","nan","nan","nan","nan","nan"
"nan","nan","nan","nan","nan","nan"
"nan","nan","nan","nan","nan","nan"
"nan","nan","nan","nan","nan","nan"
"nan","nan","nan","nan","nan","nan"
"nan","nan","nan","nan","nan","nan"
"nan","1.4142135623730951","nan","nan","nan","1.4142135623730951"
"nan","nan","nan","nan","nan","nan"
"nan","nan","nan","nan","nan","nan"
"nan","nan","nan","nan","nan","nan"
"nan","nan","nan","nan","nan","nan"
"nan","nan","nan","nan","nan","nan"
"nan","nan","nan","nan","nan","nan"
"nan","nan","nan","nan","nan","nan"
"nan","nan","nan","nan","nan","nan"
"nan","nan","nan","nan","nan","nan"
"nan","nan","nan","nan","nan","nan"
"nan","nan","nan","nan","nan","nan"
"nan","nan","nan","nan","nan","nan"
"nan","nan","nan","nan","nan","nan"
"nan","nan","nan","nan","nan","nan"
"nan","nan","nan","nan","nan","nan"
"nan","nan","nan","nan","nan","nan"
"nan","nan","nan","nan","nan","nan"
"nan","nan","nan","nan","nan","nan"
"nan","nan","nan","nan","nan","nan"
"nan","nan","nan","nan","nan","nan"
"nan","7.0710678118654755","nan","nan","nan","7.0710678118654755"
"nan","nan","nan","nan","nan","nan"
"nan","nan","nan","nan","nan","nan"
"nan","nan","nan","nan","nan","nan"
"nan","nan","nan","nan","nan","nan"
"nan","nan","nan","nan","nan","nan"
"nan","nan","nan","nan","nan","nan"
"nan","nan","nan","nan","nan","nan"
"nan","nan","nan","nan","nan","nan"
"nan","nan","nan","nan","nan","nan"
"nan","nan","nan","nan","nan","nan"
"nan","nan","nan","nan","nan","nan"
"nan","nan","nan","nan","nan","nan"
"nan","nan","nan","nan","nan","nan"
"nan","nan","nan","nan","nan","nan"
"nan","nan","nan","nan","nan","nan"
"nan","nan","nan","nan","nan","nan"
"nan","nan","nan","nan","nan","nan"
"nan","22.627416997969522","nan","nan","nan","22.627416997969522"
"nan","nan","nan","nan","nan","nan"
"nan","nan","nan","nan","nan","nan"
"nan","nan","nan","nan","nan","nan"
"nan","nan","nan","nan","nan","nan"
"nan","nan","nan","nan","nan","nan"
"nan","nan","nan","nan","nan","nan"
"nan","nan","nan","nan","nan","nan"
"nan","13.0","nan","nan","nan","13.0"
"nan","nan","nan","nan","nan","nan"
"nan","nan","nan","nan","nan","nan"
"nan","nan","nan","nan","nan","nan"
"nan","nan","nan","nan","nan","nan"
"nan","nan","nan","nan","nan","nan"
"nan","nan","nan","nan","nan","nan"
"nan","nan","nan","nan","nan","nan"
"nan","nan","nan","nan","nan","nan"
"nan","nan","nan","nan","nan","nan"
"nan","nan","nan","nan","nan","nan"
"nan","nan","nan","nan","nan","nan"
"nan","nan","nan","nan","nan","nan"
"nan","nan","nan","nan","nan","nan"
"nan","nan","nan","nan","nan","nan"
"nan","nan","nan","nan","nan","nan"
"nan","nan","nan","nan","nan","nan"
"nan","23.33452377915607","nan","nan","nan","23.33452377915607"
"nan","nan","nan","nan","nan","nan"
"nan","nan","nan","nan","nan","nan"
"nan","nan","nan","nan","nan","nan"
"nan","nan","nan","nan","nan","nan"
"nan","nan","nan","nan","nan","nan"
"nan","nan","nan","nan","nan","nan"
"nan","22.60530911091463","nan","nan","nan","22.60530911091463"
"nan","nan","nan","nan","nan","nan"
"nan","nan","nan","nan","nan","nan"
"nan","nan","nan","nan","nan","nan"
"nan","nan","nan","nan","nan","nan"
"nan","nan","nan","nan","nan","nan"
"nan","nan","nan","nan","nan","nan"
"nan","nan","nan","nan","nan","nan"
"nan","3.5355339059327378","nan","nan","nan","3.5355339059327378"
"nan","nan","nan","nan","nan","nan"
"nan","9.451631252505216","nan","nan","nan","9.451631252505216"
"nan","16.97056274847714","nan","nan","nan","16.97056274847714"
"nan","nan","nan","nan","nan","nan"
"nan","nan","nan","nan","nan","nan"
"nan","nan","nan","nan","nan","nan"
"nan","nan","nan","nan","nan","nan"
"nan","nan","nan","nan","nan","nan"
"nan","nan","nan","nan","nan","nan"
"nan","nan","nan","nan","nan","nan"
"nan","nan","nan","nan","nan","nan"
"nan","nan","nan","nan","nan","nan"
"nan","nan","nan","nan","nan","nan"
"nan","nan","nan","nan","nan","nan"
"nan","nan","nan","nan","nan","nan"
"nan","nan","nan","nan","nan","nan"
"nan","nan","nan","nan","nan","nan"
"nan","nan","nan","nan","nan","nan"
"nan","nan","nan","nan","nan","nan"
"nan","nan","nan","nan","nan","nan"
"nan","nan","nan","nan","nan","nan"
"nan","nan","nan","nan","nan","nan"
"nan","nan","nan","nan","nan","nan"
"nan","nan","nan","nan","nan","nan"
"nan","nan","nan","nan","nan","nan"
"nan","nan","nan","nan","nan","nan"
"nan","nan","nan","nan","nan","nan"
"nan","21.37755832643195","nan","nan","nan","21.37755832643195"
"nan","26.16295090390226","nan","nan","nan","26.16295090390226"
"nan","nan","nan","nan","nan","nan"
"nan","nan","nan","nan","nan","nan"
"nan","nan","nan","nan","nan","nan"
"nan","nan","nan","nan","nan","nan"
"nan","27.577164466275352","nan","nan","nan","27.577164466275352"
"nan","nan","nan","nan","nan","nan"
"nan","nan","nan","nan","nan","nan"
"nan","nan","nan","nan","nan","nan"
"nan","nan","nan","nan","nan","nan"
"nan","nan","nan","nan","nan","nan"
"nan","nan","nan","nan","nan","nan"
"nan","nan","nan","nan","nan","nan"
"nan","nan","nan","nan","nan","nan"
"nan","nan","nan","nan","nan","nan"
"nan","nan","nan","nan","nan","nan"
"nan","21.920310216782973","nan","nan","nan","21.920310216782973"
"nan","nan","nan","nan","nan","nan"
"nan","nan","nan","nan","nan","nan"
"nan","nan","nan","nan","nan","nan"
"nan","nan","nan","nan","nan","nan"
"nan","nan","nan","nan","nan","nan"
"nan","nan","nan","nan","nan","nan"
"nan","nan","nan","nan","nan","nan"
"nan","nan","nan","nan","nan","nan"
"nan","nan","nan","nan","nan","nan"
"nan","nan","nan","nan","nan","nan"
"nan","nan","nan","nan","nan","nan"
"nan","nan","nan","nan","nan","nan"
"nan","nan","nan","nan","nan","nan"
"nan","nan","nan","nan","nan","nan"
"nan","nan","nan","nan","nan","nan"
"nan","nan","nan","nan","nan","nan"
"nan","3.5355339059327378","nan","nan","nan","3.5355339059327378"
"nan","nan","nan","nan","nan","nan"
"nan","nan","nan","nan","nan","nan"
"nan","nan","nan","nan","nan","nan"
"nan","nan","nan","nan","nan","nan"
"nan","nan","nan","nan","nan","nan"
"nan","nan","nan","nan","nan","nan"
"nan","nan","nan","nan","nan","nan"
"nan","nan","nan","nan","nan","nan"
"nan","13.435028842544403","nan","nan","nan","13.435028842544403"
"nan","nan","nan","nan","nan","nan"
"nan","nan","nan","nan","nan","nan"
"nan","nan","nan","nan","nan","nan"
"nan","nan","nan","nan","nan","nan"
"nan","nan","nan","nan","nan","nan"
"nan","nan","nan","nan","nan","nan"
"nan","nan","nan","nan","nan","nan"
"nan","nan","nan","nan","nan","nan"
"nan","nan","nan","nan","nan","nan"
"nan","nan","nan","nan","nan","nan"
"nan","nan","nan","nan","nan","nan"
"nan","nan","nan","nan","nan","nan"
"nan","nan","nan","nan","nan","nan"
"nan","nan","nan","nan","nan","nan"
"nan","nan","nan","nan","nan","nan"
"nan","nan","nan","nan","nan","nan"
"nan","16.97056274847714","nan","nan","nan","16.97056274847714"
"nan","nan","nan","nan","nan","nan"
"nan","nan","nan","nan","nan","nan"
"nan","nan","nan","nan","nan","nan"
"nan","nan","nan","nan","nan","nan"
"nan","nan","nan","nan","nan","nan"
"nan","nan","nan","nan","nan","nan"
"nan","nan","nan","nan","nan","nan"
"nan","nan","nan","nan","nan","nan"
"nan","nan","nan","nan","nan","nan"
"nan","nan","nan","nan","nan","nan"
"nan","nan","nan","nan","nan","nan"
"nan","nan","nan","nan","nan","nan"
"nan","nan","nan","nan","nan","nan"
"nan","nan","nan","nan","nan","nan"
"nan","nan","nan","nan","nan","nan"
"nan","nan","nan","nan","nan","nan"
"nan","nan","nan","nan","nan","nan"
"nan","nan","nan","nan","nan","nan"
"nan","nan","nan","nan","nan","nan"
"nan","nan","nan","nan","nan","nan"
"nan","nan","nan","nan","nan","nan"
"nan","nan","nan","nan","nan","nan"
"nan","nan","nan","nan","nan","nan"
"nan","nan","nan","nan","nan","nan"
"nan","nan","nan","nan","nan","nan"
"nan","nan","nan","nan","nan","nan"
"nan","nan","nan","nan","nan","nan"
"nan","nan","nan","nan","nan","nan"
"nan","nan","nan","nan","nan","nan"
"nan","nan","nan","nan","nan","nan"
"nan","nan","nan","nan","nan","nan"
"nan","nan","nan","nan","nan","nan"
"nan","nan","nan","nan","nan","nan"
"nan","nan","nan","nan","nan","nan"
"nan","nan","nan","nan","nan","nan"
"nan","nan","nan","nan","nan","nan"
"nan","nan","nan","nan","nan","nan"
"nan","nan","nan","nan","nan","nan"
"nan","nan","nan","nan","nan","nan"
"nan","nan","nan","nan","nan","nan"
"nan","nan","nan","nan","nan","nan"
"nan","nan","nan","nan","nan","nan"
"nan","nan","nan","nan","nan","nan"
"nan","nan","nan","nan","nan","nan"
"nan","nan","nan","nan","nan","nan"
"nan","nan","nan","nan","nan","nan"
"nan","nan","nan","nan","nan","nan"
"nan","nan","nan","nan","nan","nan"
"nan","9.192388155425117","nan","nan","nan","9.192388155425117"
"nan","nan","nan","nan","nan","nan"
"nan","nan","nan","nan","nan","nan"
"nan","nan","nan","nan","nan","nan"
"nan","nan","nan","nan","nan","nan"
"nan","nan","nan","nan","nan","nan"
"nan","nan","nan","nan","nan","nan"
"nan","nan","nan","nan","nan","nan"
"nan","nan","nan","nan","nan","nan"
"nan","nan","nan","nan","nan","nan"
"nan","nan","nan","nan","nan","nan"
"nan","nan","nan","nan","nan","nan"
"nan","3.5355339059327378","nan","nan","nan","3.5355339059327378"
"nan","nan","nan","nan","nan","nan"
"nan","nan","nan","nan","nan","nan"
"nan","29.30870177950569","nan","nan","nan","29.30870177950569"
"nan","nan","nan","nan","nan","nan"
"nan","nan","nan","nan","nan","nan"
"nan","nan","nan","nan","nan","nan"
"nan","nan","nan","nan","nan","nan"
"nan","nan","nan","nan","nan","nan"
"nan","nan","nan","nan","nan","nan"
"nan","nan","nan","nan","nan","nan"
"nan","nan","nan","nan","nan","nan"
"nan","nan","nan","nan","nan","nan"
"nan","nan","nan","nan","nan","nan"
"nan","nan","nan","nan","nan","nan"
"nan","nan","nan","nan","nan","nan"
"nan","nan","nan","nan","nan","nan"
"nan","nan","nan","nan","nan","nan"
"nan","nan","nan","nan","nan","nan"
"nan","nan","nan","nan","nan","nan"
"nan","nan","nan","nan","nan","nan"
"nan","nan","nan","nan","nan","nan"
"nan","1.4142135623730951","nan","nan","nan","1.4142135623730951"
"nan","nan","nan","nan","nan","nan"
"nan","nan","nan","nan","nan","nan"
"nan","nan","nan","nan","nan","nan"
"nan","nan","nan","nan","nan","nan"
"nan","13.435028842544403","nan","nan","nan","13.435028842544403"
"nan","nan","nan","nan","nan","nan"
"nan","nan","nan","nan","nan","nan"
"nan","nan","nan","nan","nan","nan"
"nan","nan","nan","nan","nan","nan"
"nan","nan","nan","nan","nan","nan"
"nan","nan","nan","nan","nan","nan"
"nan","nan","nan","nan","nan","nan"
"nan","nan","nan","nan","nan","nan"
"nan","nan","nan","nan","nan","nan"
"nan","nan","nan","nan","nan","nan"
"nan","nan","nan","nan","nan","nan"
"nan","nan","nan","nan","nan","nan"
"nan","nan","nan","nan","nan","nan"
"nan","nan","nan","nan","nan","nan"
"nan","nan","nan","nan","nan","nan"
"nan","nan","nan","nan","nan","nan"
"nan","nan","nan","nan","nan","nan"
"nan","nan","nan","nan","nan","nan"
"nan","nan","nan","nan","nan","nan"
"nan","nan","nan","nan","nan","nan"
"nan","nan","nan","nan","nan","nan"
"nan","nan","nan","nan","nan","nan"
"nan","nan","nan","nan","nan","nan"
"nan","nan","nan","nan","nan","nan"
"nan","nan","nan","nan","nan","nan"
"nan","nan","nan","nan","nan","nan"
"nan","nan","nan","nan","nan","nan"
"nan","nan","nan","nan","nan","nan"
"nan","nan","nan","nan","nan","nan"
"nan","nan","nan","nan","nan","nan"
"nan","nan","nan","nan","nan","nan"
"nan","nan","nan","nan","nan","nan"
"nan","nan","nan","nan","nan","nan"
"nan","nan","nan","nan","nan","nan"
"nan","nan","nan","nan","nan","nan"
"nan","nan","nan","nan","nan","nan"
"nan","nan","nan","nan","nan","nan"
"nan","nan","nan","nan","nan","nan"
"nan","nan","nan","nan","nan","nan"
"nan","nan","nan","nan","nan","nan"
"nan","nan","nan","nan","nan","nan"
"nan","nan","nan","nan","nan","nan"
"nan","nan","nan","nan","nan","nan"
"nan","nan","nan","nan","nan","nan"
"nan","nan","nan","nan","nan","nan"
"nan","nan","nan","nan","nan","nan"
"nan","14.849242404917497","nan","nan","nan","14.849242404917497"
"nan","nan","nan","nan","nan","nan"
"nan","nan","nan","nan","nan","nan"
"nan","nan","nan","nan","nan","nan"
"nan","nan","nan","nan","nan","nan"
"nan","nan","nan","nan","nan","nan"
"nan","nan","nan","nan","nan","nan"
"nan","nan","nan","nan","nan","nan"
"nan","24.041630560342615","nan","nan","nan","24.041630560342615"
"nan","nan","nan","nan","nan","nan"
"nan","nan","nan","nan","nan","nan"
"nan","nan","nan","nan","nan","nan"
"nan","nan","nan","nan","nan","nan"
"nan","nan","nan","nan","nan","nan"
"nan","nan","nan","nan","nan","nan"
"nan","nan","nan","nan","nan","nan"
"nan","nan","nan","nan","nan","nan"
"nan","nan","nan","nan","nan","nan"
"nan","nan","nan","nan","nan","nan"
"nan","nan","nan","nan","nan","nan"
"nan","nan","nan","nan","nan","nan"
"nan","nan","nan","nan","nan","nan"
"nan","nan","nan","nan","nan","nan"
"nan","nan","nan","nan","nan","nan"
"nan","25.45584412271571","nan","nan","nan","25.45584412271571"
"nan","nan","nan","nan","nan","nan"
"nan","nan","nan","nan","nan","nan"
"nan","nan","nan","nan","nan","nan"
"nan","nan","nan","nan","nan","nan"
"nan","nan","nan","nan","nan","nan"
"nan","nan","nan","nan","nan","nan"
"nan","nan","nan","nan","nan","nan"
"nan","nan","nan","nan","nan","nan"
"nan","nan","nan","nan","nan","nan"
"nan","nan","nan","nan","nan","nan"
"nan","nan","nan","nan","nan","nan"
"nan","nan","nan","nan","nan","nan"
"nan","nan","nan","nan","nan","nan"
"nan","nan","nan","nan","nan","nan"
"nan","nan","nan","nan","nan","nan"
"nan","nan","nan","nan","nan","nan"
"nan","nan","nan","nan","nan","nan"
"nan","4.242640687119285","nan","nan","nan","4.242640687119285"
"nan","nan","nan","nan","nan","nan"
"nan","0.7071067811865476","nan","nan","nan","0.7071067811865476"
"nan","nan","nan","nan","nan","nan"
"nan","nan","nan","nan","nan","nan"
"nan","nan","nan","nan","nan","nan"
"nan","nan","nan","nan","nan","nan"
"nan","nan","nan","nan","nan","nan"
"nan","nan","nan","nan","nan","nan"
"nan","nan","nan","nan","nan","nan"
"nan","nan","nan","nan","nan","nan"
"nan","nan","nan","nan","nan","nan"
"nan","13.435028842544403","nan","nan","nan","13.435028842544403"
"nan","nan","nan","nan","nan","nan"
"nan","nan","nan","nan","nan","nan"
"nan","nan","nan","nan","nan","nan"
"nan","nan","nan","nan","nan","nan"
"nan","nan","nan","nan","nan","nan"
"nan","nan","nan","nan","nan","nan"
"nan","nan","nan","nan","nan","nan"
"nan","nan","nan","nan","nan","nan"
"nan","nan","nan","nan","nan","nan"
"nan","nan","nan","nan","nan","nan"
"nan","nan","nan","nan","nan","nan"
"nan","nan","nan","nan","nan","nan"
"nan","nan","nan","nan","nan","nan"
"nan","nan","nan","nan","nan","nan"
"nan","nan","nan","nan","nan","nan"
"nan","nan","nan","nan","nan","nan"
"nan","nan","nan","nan","nan","nan"
"nan","nan","nan","nan","nan","nan"
"nan","nan","nan","nan","nan","nan"
"nan","nan","nan","nan","nan","nan"
"nan","nan","nan","nan","nan","nan"
"nan","nan","nan","nan","nan","nan"
"nan","nan","nan","nan","nan","nan"
"nan","nan","nan","nan","nan","nan"
"nan","nan","nan","nan","nan","nan"
"nan","nan","nan","nan","nan","nan"
"nan","nan","nan","nan","nan","nan"
